Date,All Weather Investing,NIFTY 100
02-07-2007,100.21,100
03-07-2007,100.6,100.98
04-07-2007,100.4,100.9
05-07-2007,100.1,100.7
06-07-2007,100.01,101.36
09-07-2007,100.69,102.24
10-07-2007,100.91,101.96
11-07-2007,101.12,101.71
12-07-2007,101.64,103.16
13-07-2007,102.15,104.34
16-07-2007,102.09,104.58
17-07-2007,101.81,104.17
18-07-2007,101.49,104.16
19-07-2007,102.44,105.44
20-07-2007,102.69,105.46
23-07-2007,103,106.7
24-07-2007,103.02,106.62
25-07-2007,102.82,105.84
26-07-2007,102.86,106.52
27-07-2007,101.48,102.54
30-07-2007,101.19,102.42
31-07-2007,101.58,104.41
01-08-2007,100.34,100.08
02-08-2007,100.58,100.38
03-08-2007,101.04,101.59
06-08-2007,101.03,100.19
07-08-2007,101.25,100.69
08-08-2007,101.92,103.08
09-08-2007,101.51,101.54
10-08-2007,100.6,100.01
13-08-2007,101.02,100.92
14-08-2007,101.09,100.78
16-08-2007,99.91,96.27
17-08-2007,99.18,94.7
20-08-2007,99.64,96.98
21-08-2007,98.99,93.83
22-08-2007,99.13,95.43
23-08-2007,99.14,94.58
24-08-2007,99.54,96.25
27-08-2007,100.67,98.93
28-08-2007,100.98,99.54
29-08-2007,101.37,100.39
30-08-2007,101.22,101.41
31-08-2007,101.89,102.76
03-09-2007,102.2,103.24
04-09-2007,102.55,103.42
05-09-2007,102.62,103.31
06-09-2007,103.13,104.33
07-09-2007,103.61,103.97
10-09-2007,103.99,104.04
11-09-2007,104.02,103.78
12-09-2007,104.32,103.91
13-09-2007,104.25,104.77
14-09-2007,104.04,104.33
17-09-2007,104.48,103.92
18-09-2007,104.9,105.13
19-09-2007,106.17,109.15
20-09-2007,106.22,109.5
21-09-2007,106.93,111.39
24-09-2007,107.63,113.65
25-09-2007,107.15,113.75
26-09-2007,107.49,113.88
27-09-2007,107.45,115
28-09-2007,108.12,115.77
01-10-2007,109.41,117.04
03-10-2007,109.55,120
04-10-2007,108.84,119.82
05-10-2007,108.72,118.95
08-10-2007,107.49,116.37
09-10-2007,108.83,121.82
10-10-2007,110.3,124.48
11-10-2007,110.98,126.42
12-10-2007,110.46,124.18
15-10-2007,111.84,129.37
16-10-2007,112.51,129.4
17-10-2007,111.68,126.63
18-10-2007,110.36,121.86
19-10-2007,109.25,118.48
22-10-2007,108.91,117.94
23-10-2007,110.92,124.73
24-10-2007,111.44,125.32
25-10-2007,112.15,126.85
26-10-2007,113.29,130.04
29-10-2007,115.44,134.29
30-10-2007,115.8,133.86
31-10-2007,115.26,134.59
01-11-2007,116.08,133.62
02-11-2007,115.74,135.15
05-11-2007,116.12,133.46
06-11-2007,116.58,132.03
07-11-2007,117.64,131.89
08-11-2007,116.78,130.28
12-11-2007,115.6,128.4
13-11-2007,116.17,130.37
14-11-2007,117.14,135.66
15-11-2007,117.63,135.42
16-11-2007,117.31,135.5
19-11-2007,118,136.28
20-11-2007,117.26,133.44
21-11-2007,116.3,128.09
22-11-2007,115.69,127.31
23-11-2007,117.1,129.27
26-11-2007,118.69,131.98
27-11-2007,118.54,131.47
28-11-2007,117.33,129.76
29-11-2007,117.79,129.94
30-11-2007,118.32,133.12
03-12-2007,118.66,135.64
04-12-2007,119.05,135.68
05-12-2007,119.66,137.59
06-12-2007,119.24,137.73
07-12-2007,119.42,138.16
10-12-2007,119.38,137.98
11-12-2007,120.48,140.79
12-12-2007,120.73,142.23
13-12-2007,120.78,140.33
14-12-2007,120.42,140.22
17-12-2007,117.97,133.88
18-12-2007,118.08,133.16
19-12-2007,118.34,133.32
20-12-2007,118.58,133.58
24-12-2007,119.76,138.34
26-12-2007,121.14,140.58
27-12-2007,121.47,140.52
28-12-2007,122.29,140.98
31-12-2007,123.62,142.35
01-01-2008,123.76,142.73
02-01-2008,124.44,143.9
03-01-2008,125.7,144
04-01-2008,126.24,146.04
07-01-2008,125.84,146.05
08-01-2008,125.87,145.74
09-01-2008,127.28,145.63
10-01-2008,125.81,142.54
11-01-2008,126.44,143.52
14-01-2008,128.84,144.22
15-01-2008,128.63,141.18
16-01-2008,125.77,138.06
17-01-2008,126.06,137.52
18-01-2008,124.2,132.11
21-01-2008,122.69,119.88
22-01-2008,116.97,112.63
23-01-2008,120.73,120.02
24-01-2008,119.9,116.09
25-01-2008,123.15,124.39
28-01-2008,123.64,122.23
29-01-2008,123.37,122.14
30-01-2008,122.76,119.35
31-01-2008,123.02,118.57
01-02-2008,123.09,122.26
04-02-2008,123.29,125.68
05-02-2008,122.5,126.17
06-02-2008,122.54,122.58
07-02-2008,121.92,118.21
08-02-2008,121.63,117.55
11-02-2008,120.91,111.46
12-02-2008,120.19,111.02
13-02-2008,119.66,112.87
14-02-2008,121.07,119.16
15-02-2008,121.84,121.46
18-02-2008,122.2,121.01
19-02-2008,122.38,121.12
20-02-2008,122.15,118.13
21-02-2008,123.37,118.93
22-02-2008,123.45,117.04
25-02-2008,124.29,118.9
26-02-2008,123.71,120.54
27-02-2008,125,120.55
28-02-2008,124.76,120.62
29-02-2008,125.35,119.38
03-03-2008,125.82,113.06
04-03-2008,124.97,110.78
05-03-2008,123.64,111.71
07-03-2008,124.24,108.02
10-03-2008,123.51,108.58
11-03-2008,124.02,110.54
12-03-2008,123.57,110.61
13-03-2008,123.37,104.69
14-03-2008,124.2,107.46
17-03-2008,125.33,101.57
18-03-2008,123.48,101.96
19-03-2008,122.1,102.68
24-03-2008,116.98,103.21
25-03-2008,119.03,109.55
26-03-2008,119.76,108.75
27-03-2008,120.13,108.68
28-03-2008,120.5,111.43
31-03-2008,119.73,106.8
01-04-2008,117.58,106.75
02-04-2008,117.55,107.18
03-04-2008,118.01,107.5
04-04-2008,116.96,104.73
07-04-2008,118.13,107.34
08-04-2008,118.66,106.32
09-04-2008,118.22,107.3
10-04-2008,119.31,106.94
11-04-2008,119.27,107.88
15-04-2008,120.31,110.13
16-04-2008,121.09,110.45
17-04-2008,123.11,112.26
21-04-2008,122.36,114.16
22-04-2008,122.75,114.74
23-04-2008,122.67,114.11
24-04-2008,121.37,113.55
25-04-2008,121.83,115.96
28-04-2008,122.36,115.59
29-04-2008,123.17,117.99
30-04-2008,122.27,117.4
02-05-2008,122.78,118.97
05-05-2008,122.75,118.4
06-05-2008,122.94,117.14
07-05-2008,123.4,116.79
08-05-2008,122.52,115.38
09-05-2008,121.88,112.89
12-05-2008,121.46,113.47
13-05-2008,121.53,112.42
14-05-2008,121.95,113.62
15-05-2008,122.74,115.93
16-05-2008,124.32,116.95
20-05-2008,124.93,115.69
21-05-2008,126.22,115.95
22-05-2008,125.66,113.81
23-05-2008,124.71,111.97
26-05-2008,123.28,110.04
27-05-2008,123.22,109.49
28-05-2008,122.21,110.94
29-05-2008,122.14,109.2
30-05-2008,120.9,109.9
02-06-2008,119.87,106.84
03-06-2008,120.11,106.3
04-06-2008,118.02,103.21
05-06-2008,118.55,105.27
06-06-2008,118.61,104.13
09-06-2008,118.46,101.12
10-06-2008,116.74,99.89
11-06-2008,116.99,101.6
12-06-2008,116.98,101.98
13-06-2008,116.74,101.52
16-06-2008,117.4,102.75
17-06-2008,119.04,104.81
18-06-2008,118.4,103.16
19-06-2008,117.96,101.29
20-06-2008,116.78,97.68
23-06-2008,115.95,95.51
24-06-2008,114.55,93.87
25-06-2008,114.81,95.23
26-06-2008,115.16,96.39
27-06-2008,115.47,92.41
30-06-2008,115.39,90.06
01-07-2008,114.1,86.67
02-07-2008,115.33,91.16
03-07-2008,114.55,87.35
04-07-2008,115.09,89.55
07-07-2008,115.38,90.1
08-07-2008,115.53,89.32
09-07-2008,116.59,93.21
10-07-2008,116.72,93.29
11-07-2008,116.27,90.63
14-07-2008,116.46,90.33
15-07-2008,116.25,86.37
16-07-2008,115.42,85.31
17-07-2008,115.69,88.2
18-07-2008,116.62,91.37
21-07-2008,117.17,92.74
22-07-2008,118.1,94.71
23-07-2008,118.65,100.28
24-07-2008,118.5,99.35
25-07-2008,117.82,96.75
28-07-2008,118.01,97.22
29-07-2008,116.73,93.75
30-07-2008,117.22,96.67
31-07-2008,117.4,97.06
01-08-2008,117.89,99.06
04-08-2008,118.2,98.89
05-08-2008,118.3,101.47
06-08-2008,118.54,101.56
07-08-2008,118.25,101.73
08-08-2008,118.13,101.88
11-08-2008,118.71,104
12-08-2008,118.17,102.41
13-08-2008,117.68,101.82
14-08-2008,116.85,99.41
18-08-2008,116.22,98.5
19-08-2008,116.01,97.92
20-08-2008,116.49,98.98
21-08-2008,116.11,96.04
22-08-2008,116.15,96.99
25-08-2008,116.12,97.21
26-08-2008,115.54,97.29
27-08-2008,116.02,96.28
28-08-2008,115.54,94.66
29-08-2008,116.57,97.97
01-09-2008,116.71,97.7
02-09-2008,117.13,101.21
04-09-2008,117.01,100.03
05-09-2008,116.16,97.76
08-09-2008,116.82,100.53
09-09-2008,116.69,100.13
10-09-2008,115.95,98.67
11-09-2008,114.99,96.38
12-09-2008,114.39,94.87
15-09-2008,113.42,91.22
16-09-2008,113.82,91.26
17-09-2008,113.11,89.59
18-09-2008,114.82,90.14
19-09-2008,115.78,94.69
22-09-2008,116.17,94.17
23-09-2008,115.85,91.99
24-09-2008,115.83,92.74
25-09-2008,115.91,91.65
26-09-2008,114.94,88.84
29-09-2008,114.41,85.69
30-09-2008,114.88,87.37
01-10-2008,114.67,88.06
03-10-2008,112.95,85.08
06-10-2008,112.09,80.19
07-10-2008,112.86,80.11
08-10-2008,112.58,77.79
10-10-2008,111.69,72.4
13-10-2008,110.46,77.05
14-10-2008,110.35,77.8
15-10-2008,109.77,73.8
16-10-2008,109.4,72.44
17-10-2008,107.03,68.37
20-10-2008,107.19,69.38
21-10-2008,107.39,71.9
22-10-2008,105.47,68.29
23-10-2008,103.41,65.61
24-10-2008,99.88,57.82
27-10-2008,99.05,56.22
29-10-2008,101.92,59.92
31-10-2008,101.77,63.98
03-11-2008,102.96,67.46
04-11-2008,103.35,69.84
05-11-2008,103.32,66.77
06-11-2008,102.67,64.57
07-11-2008,102.87,66.29
10-11-2008,104.4,70.1
11-11-2008,103.24,65.59
12-11-2008,102.68,63.62
14-11-2008,102.09,62.72
17-11-2008,102.04,62.21
18-11-2008,101.59,59.72
19-11-2008,101.11,58.54
20-11-2008,101.2,56.66
21-11-2008,101.68,59.4
24-11-2008,103.88,59.63
25-11-2008,104.29,58.52
26-11-2008,104.13,60.51
27-11-2008,104.13,60.51
28-11-2008,104.25,60.6
01-12-2008,104.06,59.13
02-12-2008,102.34,58.66
03-12-2008,103.52,58.82
04-12-2008,103.78,61.73
05-12-2008,103.31,60.19
08-12-2008,103.79,61.59
10-12-2008,104.52,64.63
11-12-2008,105.56,64.64
12-12-2008,105.63,64.74
15-12-2008,106.61,66.04
16-12-2008,107.55,67.41
17-12-2008,106.92,65.43
18-12-2008,108.25,67.82
19-12-2008,107.47,68.29
22-12-2008,107.78,67.51
23-12-2008,107.31,65.81
24-12-2008,107.23,64.81
26-12-2008,106.83,63.51
29-12-2008,108.6,65.01
30-12-2008,108.96,66.32
31-12-2008,108.89,65.93
01-01-2009,110.51,67.58
02-01-2009,111.01,68.04
05-01-2009,111.21,69.79
06-01-2009,110.61,69.66
07-01-2009,108.77,65.16
09-01-2009,107.6,63.98
12-01-2009,106.84,61.9
13-01-2009,105.37,61.2
14-01-2009,106.62,63.22
15-01-2009,105.24,61.06
16-01-2009,106.52,62.93
19-01-2009,107.05,63.3
20-01-2009,106.59,62.27
21-01-2009,107.24,60.33
22-01-2009,106.58,60.38
23-01-2009,107.23,59.41
27-01-2009,107.73,61.32
28-01-2009,107.95,63.02
29-01-2009,107.54,62.51
30-01-2009,110.47,63.66
02-02-2009,109.68,61.34
03-02-2009,109.25,61.58
04-02-2009,108.69,61.97
05-02-2009,108.95,61.48
06-02-2009,109.85,62.87
09-02-2009,110.42,64.58
10-02-2009,110.47,64.91
11-02-2009,111.47,64.72
12-02-2009,112.4,64.02
13-02-2009,112.98,65.23
16-02-2009,112.06,63.03
17-02-2009,113.23,61.3
18-02-2009,115.39,61.38
19-02-2009,114.79,61.67
20-02-2009,115.12,60.51
24-02-2009,114.14,60.33
25-02-2009,112.57,60.97
26-02-2009,112.47,61.42
27-02-2009,113.04,61.03
02-03-2009,113.59,59.06
03-03-2009,111.76,57.93
04-03-2009,111.2,58.37
05-03-2009,110.08,56.84
06-03-2009,111.99,57.69
09-03-2009,111.37,56.6
12-03-2009,110.73,57.55
13-03-2009,111.99,59.83
16-03-2009,112.84,61.17
17-03-2009,112.35,60.75
18-03-2009,112.35,61.62
19-03-2009,112.67,61.91
20-03-2009,114.14,61.85
23-03-2009,115.41,64.71
24-03-2009,114.49,64.61
25-03-2009,114.26,65.69
26-03-2009,116.17,67.75
30-03-2009,115.26,65.69
31-03-2009,115.28,66.69
01-04-2009,115.98,67.55
02-04-2009,117.44,70.83
06-04-2009,116.62,71.99
08-04-2009,118.61,73.8
09-04-2009,118.63,73.98
13-04-2009,119.75,75.03
15-04-2009,121.44,77.41
16-04-2009,119.96,74.74
17-04-2009,119.17,75.24
20-04-2009,120.11,75.32
21-04-2009,120.67,75.01
22-04-2009,119.88,74.25
23-04-2009,121.44,76.3
24-04-2009,123.08,77.63
27-04-2009,122.78,77.33
28-04-2009,120.92,74.85
29-04-2009,121.75,77.29
30-04-2009,121.75,77.29
04-05-2009,123.74,81.19
05-05-2009,125.04,81.52
06-05-2009,124.26,80.56
07-05-2009,125.05,81.92
08-05-2009,124.24,80.58
11-05-2009,123.82,79.17
12-05-2009,125.06,81.84
13-05-2009,125.05,80.98
14-05-2009,125.37,80.35
15-05-2009,126.74,82.02
18-05-2009,130.42,96.2
19-05-2009,135.17,96.56
20-05-2009,136.33,96.16
21-05-2009,135.41,95.03
22-05-2009,136.32,95.68
25-05-2009,137.47,96
26-05-2009,135.74,93.17
27-05-2009,138.33,96.82
28-05-2009,138.85,97.99
29-05-2009,140.49,100.4
01-06-2009,142.33,102.45
02-06-2009,141.33,102.21
03-06-2009,142.16,102.51
04-06-2009,143.41,103.62
05-06-2009,144.31,103.95
08-06-2009,140.14,100.13
09-06-2009,141.64,103.15
10-06-2009,144.09,105.45
11-06-2009,144.13,105.07
12-06-2009,143.29,103.86
15-06-2009,142.29,101.79
16-06-2009,143.56,102.87
17-06-2009,140.75,99.05
18-06-2009,139.48,96.73
19-06-2009,140.56,98.18
22-06-2009,139.35,96.54
23-06-2009,139.42,96.73
24-06-2009,140.79,97.98
25-06-2009,140.53,96.99
26-06-2009,142.68,99.93
29-06-2009,143.32,100.46
30-06-2009,141.29,97.96
01-07-2009,141.22,99.03
02-07-2009,141.7,99.18
03-07-2009,142.75,100.92
06-07-2009,138.86,95.01
07-07-2009,139.58,95.86
08-07-2009,136.45,93.02
09-07-2009,136.16,93.13
10-07-2009,134.84,91.29
13-07-2009,134.03,90.4
14-07-2009,136.78,93.76
15-07-2009,139.22,96.68
16-07-2009,139.74,96.57
17-07-2009,141.34,99.72
20-07-2009,143.74,102.68
21-07-2009,143.36,102.01
22-07-2009,142.68,100.37
23-07-2009,144.54,103.09
24-07-2009,145.23,104.17
27-07-2009,145.59,104.38
28-07-2009,146.01,104.35
29-07-2009,144.32,103.12
30-07-2009,144.39,104.47
31-07-2009,146.34,105.94
03-08-2009,148.12,107.72
04-08-2009,147.05,107.03
05-08-2009,148.35,107.42
06-08-2009,146.49,104.87
07-08-2009,144.78,102.46
10-08-2009,143.63,101.43
11-08-2009,143.35,102.19
12-08-2009,143.72,101.91
13-08-2009,146.61,105.35
14-08-2009,147,104.77
17-08-2009,143.57,100.38
18-08-2009,144.72,102.11
20-08-2009,144.53,101.83
21-08-2009,145.34,103.42
24-08-2009,147.24,105.96
25-08-2009,147.21,106.3
26-08-2009,148.16,106.86
27-08-2009,147.96,106.96
28-08-2009,148.64,107.96
31-08-2009,148.65,106.57
01-09-2009,147.1,105.66
02-09-2009,147.52,105.23
03-09-2009,148.1,104.98
04-09-2009,149.64,106.85
07-09-2009,151.52,109.26
08-09-2009,152.33,109.63
09-09-2009,151.88,109.84
10-09-2009,151.63,109.93
11-09-2009,152.05,110.03
14-09-2009,152.01,109.74
15-09-2009,153.59,111.79
16-09-2009,154.9,113.28
17-09-2009,155.72,113.49
18-09-2009,155.09,113.87
22-09-2009,156.14,114.8
23-09-2009,155.11,113.63
24-09-2009,155.84,114.03
25-09-2009,155,113.58
29-09-2009,155.33,114.6
30-09-2009,156.45,116.3
01-10-2009,156.55,116.34
05-10-2009,155.71,114.43
06-10-2009,156.07,115.02
07-10-2009,157.34,114.38
08-10-2009,157.64,114.83
09-10-2009,157.26,113.64
12-10-2009,158.25,116.11
13-10-2009,158.25,116.11
14-10-2009,159.41,117.73
15-10-2009,159.22,117.74
16-10-2009,159.74,118.58
20-10-2009,160.17,118.04
21-10-2009,159.07,116.73
22-10-2009,158.8,114.98
23-10-2009,159.13,115.29
26-10-2009,158.5,114.6
27-10-2009,155.93,111.6
28-10-2009,156.08,111.22
29-10-2009,155.62,109.39
30-10-2009,155.73,108.67
03-11-2009,155.33,105.3
04-11-2009,158.82,108.7
05-11-2009,159.91,110.14
06-11-2009,160.3,111.04
09-11-2009,162.1,113.5
10-11-2009,161.79,113.13
11-11-2009,163.3,115.9
12-11-2009,163.29,114.55
13-11-2009,162.99,115.6
16-11-2009,164.62,116.96
17-11-2009,164.69,117.08
18-11-2009,165.68,116.93
19-11-2009,164.82,115.37
20-11-2009,166.04,116.72
23-11-2009,167.47,117.76
24-11-2009,167.49,117.59
25-11-2009,167.95,117.93
26-11-2009,168.16,115.73
27-11-2009,166.27,114.26
30-11-2009,167.05,116.35
01-12-2009,169.59,118.48
02-12-2009,170.49,118.6
03-12-2009,171.42,118.9
04-12-2009,170.01,118.46
07-12-2009,166.56,117.41
08-12-2009,168.25,119.33
09-12-2009,166.63,118.44
10-12-2009,166.05,118.96
11-12-2009,166.54,118.53
14-12-2009,165.25,118.26
15-12-2009,164.52,116.54
16-12-2009,165.31,116.77
17-12-2009,165.2,116.91
18-12-2009,163.5,115.72
21-12-2009,163.92,114.96
22-12-2009,163.44,115.79
23-12-2009,163.74,119.18
24-12-2009,165.36,119.97
29-12-2009,165.26,120.11
30-12-2009,164.51,119.79
31-12-2009,165.15,120.46
04-01-2010,166.31,121.3
05-01-2010,167.44,122.48
06-01-2010,167.92,122.72
07-01-2010,167.48,122.19
08-01-2010,166.66,121.82
11-01-2010,168.23,122.06
12-01-2010,167.71,121.1
13-01-2010,167.35,121.66
14-01-2010,167.98,122.34
15-01-2010,168.02,122.14
18-01-2010,168.2,122.68
19-01-2010,167.68,121.53
20-01-2010,167.52,121.44
21-01-2010,165.05,118.47
22-01-2010,163.85,117.18
25-01-2010,162.95,116.3
27-01-2010,160.68,112.61
28-01-2010,160.7,113.07
29-01-2010,160.88,113.51
01-02-2010,161.54,114.15
02-02-2010,162.05,112.59
03-02-2010,163.72,114.97
04-02-2010,162.05,112.92
05-02-2010,158.44,110.03
08-02-2010,160.25,111.11
09-02-2010,160.31,111.81
10-02-2010,159.97,111.08
11-02-2010,160.66,112.57
15-02-2010,161.56,112.02
16-02-2010,162.39,113.21
17-02-2010,162.98,114.54
18-02-2010,161.97,113.88
19-02-2010,161.9,112.83
22-02-2010,161.97,112.94
23-02-2010,161.52,113.17
24-02-2010,160.82,112.96
25-02-2010,160.72,112.95
26-02-2010,162.84,114.5
02-03-2010,164.24,116.72
03-03-2010,166.47,118.47
04-03-2010,166.77,118.51
05-03-2010,166.93,118.78
08-03-2010,167.07,119.54
09-03-2010,165.84,118.91
10-03-2010,165.61,119.11
11-03-2010,165.08,119.36
12-03-2010,165.45,119.44
15-03-2010,164.72,119.16
16-03-2010,165.8,120.63
17-03-2010,166.19,121.35
18-03-2010,166.26,121.66
19-03-2010,166.74,122.07
22-03-2010,165.29,120.77
23-03-2010,165.27,121.24
25-03-2010,165.2,121.96
26-03-2010,165.76,122.6
29-03-2010,165.99,123.08
30-03-2010,166.11,122.34
31-03-2010,166.23,122.11
01-04-2010,167,123.02
05-04-2010,168.05,124.85
06-04-2010,167.91,124.84
07-04-2010,168.79,125.08
08-04-2010,168.57,123.62
09-04-2010,169.3,124.76
12-04-2010,169.12,124.19
13-04-2010,168.59,123.87
15-04-2010,168.19,122.82
16-04-2010,168.06,122.53
19-04-2010,166.13,121.17
20-04-2010,166.88,121.9
21-04-2010,167.17,122.35
22-04-2010,167.74,122.87
23-04-2010,168.12,123.57
26-04-2010,168.76,123.98
27-04-2010,168.55,123.63
28-04-2010,167.82,121.59
29-04-2010,168.63,122.47
30-04-2010,169.35,123.23
03-05-2010,169.44,122.12
04-05-2010,168.55,120.3
05-05-2010,168.52,120.05
06-05-2010,168.51,119.27
07-05-2010,168.73,117.35
10-05-2010,169.66,121.24
11-05-2010,170.16,119.91
12-05-2010,171.59,120.52
13-05-2010,172.6,121.22
14-05-2010,172.12,119.29
17-05-2010,172.02,118.64
18-05-2010,170.59,118.73
19-05-2010,169.7,115.35
20-05-2010,169.44,115.94
21-05-2010,168.38,115.41
24-05-2010,168.92,115.64
25-05-2010,167.75,112.39
26-05-2010,169.92,114.87
27-05-2010,170.25,116.74
28-05-2010,170.62,118.37
31-05-2010,171.46,119.01
01-06-2010,171.62,116.4
02-06-2010,171.89,117.55
03-06-2010,172.51,119.62
04-06-2010,172.72,120.16
07-06-2010,172.81,117.88
08-06-2010,173.74,116.82
09-06-2010,173.59,117.27
10-06-2010,173.86,119.06
11-06-2010,173.43,119.83
14-06-2010,174.17,121.46
15-06-2010,174.54,122.05
16-06-2010,174.9,122.33
17-06-2010,175.33,123.18
18-06-2010,175.13,122.82
21-06-2010,176.61,124.92
22-06-2010,175.77,124.09
23-06-2010,176.57,124.33
24-06-2010,176.04,124.32
25-06-2010,176.99,123.24
28-06-2010,177.31,124.78
29-06-2010,177.02,123.12
30-06-2010,177.68,124.31
01-07-2010,177.47,123.05
02-07-2010,175.85,122.72
05-07-2010,175.93,122.68
06-07-2010,176.57,123.86
07-07-2010,175.19,122.84
08-07-2010,176.43,124.09
09-07-2010,176.19,125.26
12-07-2010,176.65,125.91
13-07-2010,177.22,126.35
14-07-2010,177.33,126.04
15-07-2010,177.47,125.9
16-07-2010,177.09,126.32
19-07-2010,176.83,126.26
20-07-2010,176.21,125.82
21-07-2010,177.32,126.54
22-07-2010,177.47,127.44
23-07-2010,177.85,127.48
26-07-2010,176.96,126.78
27-07-2010,176.85,127.06
28-07-2010,175.48,126.47
29-07-2010,175.63,126.74
30-07-2010,175.79,125.85
02-08-2010,176.31,127.35
03-08-2010,176.74,127.59
04-08-2010,177.21,128.13
05-08-2010,177.18,127.68
06-08-2010,177,127.48
09-08-2010,177.82,128.64
10-08-2010,177.5,128.08
11-08-2010,177.62,127.12
12-08-2010,178.05,127.16
13-08-2010,178.91,128.08
16-08-2010,179.28,127.38
17-08-2010,179.38,127.37
18-08-2010,180.05,128.83
19-08-2010,180.86,130.22
20-08-2010,180.5,130.02
23-08-2010,181.3,130.34
24-08-2010,180.64,129.44
25-08-2010,180.78,128.37
26-08-2010,180.95,128.7
27-08-2010,180.1,127.13
30-08-2010,179.86,127.27
31-08-2010,179.67,126.96
01-09-2010,181.22,128.65
02-09-2010,181.42,129.03
03-09-2010,181.76,128.97
06-09-2010,182.61,131.17
07-09-2010,183.01,131.68
08-09-2010,183.01,131.76
09-09-2010,183.51,132.5
13-09-2010,184.23,135.23
14-09-2010,185.03,135.88
15-09-2010,186.43,137.26
16-09-2010,185.58,136.37
17-09-2010,186.29,137.81
20-09-2010,187.39,139.88
21-09-2010,187.06,140.34
22-09-2010,187.13,139.92
23-09-2010,187.1,139.27
24-09-2010,187.53,140.6
27-09-2010,188.05,141.01
28-09-2010,187.22,140.92
29-09-2010,187.61,140.11
30-09-2010,187.61,140.64
01-10-2010,188.4,143.33
04-10-2010,189.41,143.91
05-10-2010,190.15,143.72
06-10-2010,191.09,144.78
07-10-2010,191.24,143.38
08-10-2010,189.95,142.94
11-10-2010,191.53,143.84
12-10-2010,190.9,142.71
13-10-2010,192.25,145.73
14-10-2010,192.49,144.6
15-10-2010,190.71,141.94
18-10-2010,190.65,142.2
19-10-2010,191.1,141.23
20-10-2010,189.74,140.32
21-10-2010,191.36,143.09
22-10-2010,190.51,142.42
25-10-2010,191.24,143.18
26-10-2010,190.64,142.67
27-10-2010,190.26,141.25
28-10-2010,189.77,140.63
29-10-2010,189.93,141.2
01-11-2010,192.23,143.48
02-11-2010,192.49,143.69
03-11-2010,192.69,144.58
04-11-2010,193.32,147.14
08-11-2010,194.48,147
09-11-2010,195.37,147.7
10-11-2010,195.62,147.14
11-11-2010,194.92,145.17
12-11-2010,193.08,142.23
15-11-2010,192.52,143.35
16-11-2010,191.6,140.32
18-11-2010,191.76,140.61
19-11-2010,190.67,138.06
22-11-2010,191.67,140.76
23-11-2010,192.14,139.06
24-11-2010,191.63,137.28
25-11-2010,189.72,135.31
26-11-2010,189.19,133.86
29-11-2010,190.16,135.77
30-11-2010,190.26,136.92
01-12-2010,192.26,139.38
02-12-2010,192.63,140.46
03-12-2010,192.08,139.75
06-12-2010,192.55,139.57
07-12-2010,192.13,138.98
08-12-2010,190.43,137.16
09-12-2010,188.55,133.74
10-12-2010,188.66,135.77
13-12-2010,189.68,137.13
14-12-2010,190.82,138.15
15-12-2010,189.87,136.81
16-12-2010,190.38,137.97
20-12-2010,190.09,137.89
21-12-2010,190.4,139.17
22-12-2010,190.29,138.85
23-12-2010,189.98,138.62
24-12-2010,189.98,139.19
27-12-2010,190.59,138.82
28-12-2010,190.46,138.75
29-12-2010,191.34,140.2
30-12-2010,191.58,141.14
31-12-2010,191.89,142.04
03-01-2011,192.42,142.54
04-01-2011,192.03,142.22
05-01-2011,191.06,140.66
06-01-2011,189.38,139.7
07-01-2011,187.56,136.48
10-01-2011,186.06,133.14
11-01-2011,185.15,132.95
12-01-2011,187.18,135.41
13-01-2011,186.71,133.16
14-01-2011,185.37,130.96
17-01-2011,184.73,130.81
18-01-2011,185.35,132.25
19-01-2011,185.53,131.73
20-01-2011,185.52,132.18
21-01-2011,185.19,131.98
24-01-2011,185.45,133.04
25-01-2011,183.97,131.76
27-01-2011,183.54,129.66
28-01-2011,180.95,127.38
31-01-2011,182.34,127.37
01-02-2011,180.93,125.31
02-02-2011,180.47,125.61
03-02-2011,181.31,127.69
04-02-2011,181.15,124.88
07-02-2011,180.91,124.81
08-02-2011,180.12,122.75
09-02-2011,178.67,121.07
10-02-2011,179.11,120.59
11-02-2011,180.12,122.62
14-02-2011,182.28,126.18
15-02-2011,183.27,126.78
17-02-2011,183.75,128.32
18-02-2011,183.52,126.25
21-02-2011,184.18,127.55
22-02-2011,183.59,126.38
23-02-2011,182.73,125.62
24-02-2011,182.14,121.57
25-02-2011,182.16,122.49
28-02-2011,182.35,123.15
01-03-2011,184.47,127.48
03-03-2011,185.24,127.76
04-03-2011,185.13,127.82
07-03-2011,185.02,126.12
08-03-2011,185.16,127.41
09-03-2011,185.37,127.71
10-03-2011,185.22,126.92
11-03-2011,184.26,125.78
14-03-2011,184.88,127.61
15-03-2011,184,125.69
16-03-2011,183.75,127.15
17-03-2011,182.92,125.85
18-03-2011,183.52,124.24
21-03-2011,183.62,124
22-03-2011,184.26,125.11
23-03-2011,184.96,126.54
24-03-2011,185.84,127.5
25-03-2011,186.04,130.32
28-03-2011,186.41,131.12
29-03-2011,186.14,132.17
30-03-2011,187.38,133.52
31-03-2011,187.57,134.43
01-04-2011,188.39,134.43
05-04-2011,189.1,136.55
06-04-2011,190.15,136.22
07-04-2011,190.15,136.24
08-04-2011,189.95,135.08
11-04-2011,190.22,133.78
13-04-2011,190.42,136.57
15-04-2011,190.78,134.85
18-04-2011,190.66,132.75
19-04-2011,191.3,133
20-04-2011,192.28,135.37
21-04-2011,192.29,135.88
25-04-2011,193.87,135.75
26-04-2011,192.56,135.61
27-04-2011,193.07,135.02
28-04-2011,193.75,133.93
29-04-2011,193.07,132.96
02-05-2011,194.19,131.75
03-05-2011,192.59,128.66
04-05-2011,191.53,127.95
05-05-2011,190.33,126.21
06-05-2011,191.52,128.4
09-05-2011,191.24,128.52
10-05-2011,191.17,128.31
11-05-2011,191.69,128.89
12-05-2011,189.97,127.27
13-05-2011,191.85,128.64
16-05-2011,190.82,127.67
18-05-2011,190.36,125.86
19-05-2011,189.94,125.91
20-05-2011,190.66,127.15
23-05-2011,191.1,125.01
24-05-2011,191.48,125.35
25-05-2011,191.77,124.45
26-05-2011,191.9,125.75
27-05-2011,192.83,127.24
30-05-2011,193.29,127.36
31-05-2011,194.06,129.43
01-06-2011,193.52,130.14
02-06-2011,194.05,129.12
03-06-2011,193.25,128.33
06-06-2011,193.53,128.61
07-06-2011,193.87,129.23
08-06-2011,193.25,128.64
09-06-2011,193.33,128.48
10-06-2011,193.47,127.67
13-06-2011,192.97,127.64
14-06-2011,192.19,128.07
15-06-2011,191.47,126.84
16-06-2011,191.92,125.66
17-06-2011,191.87,124.93
20-06-2011,191.89,122.45
21-06-2011,192.07,122.75
22-06-2011,191.89,122.65
23-06-2011,191.7,123.49
24-06-2011,192.01,126.85
27-06-2011,191.71,128.3
28-06-2011,191.88,128.63
29-06-2011,192.09,129.74
30-06-2011,192.03,130.71
01-07-2011,191.35,130.43
04-07-2011,191.81,131.12
05-07-2011,191.8,130.73
06-07-2011,192.72,130.63
07-07-2011,194.29,132.88
08-07-2011,193.3,131.2
11-07-2011,193.77,130.19
12-07-2011,193.27,128.22
13-07-2011,194.49,129.61
14-07-2011,195.86,130.09
15-07-2011,195.15,129.73
18-07-2011,196.53,129.51
19-07-2011,196.94,130.41
20-07-2011,194.72,129.19
21-07-2011,194.64,128.48
22-07-2011,195.01,130.53
25-07-2011,197,131.54
26-07-2011,195.09,129.29
27-07-2011,195.61,128.76
28-07-2011,194.69,127.4
29-07-2011,194.6,126.89
01-08-2011,194.18,127.51
02-08-2011,194.31,126.18
03-08-2011,195.76,125.07
04-08-2011,195.18,123.58
05-08-2011,195.49,120.95
08-08-2011,196.19,118.92
09-08-2011,198.85,117.77
10-08-2011,199.26,119.87
11-08-2011,200.87,119.34
12-08-2011,199.81,117.9
16-08-2011,199.08,116.97
17-08-2011,199.71,117.23
18-08-2011,199.05,114.63
22-08-2011,202.22,113.81
23-08-2011,202.73,114.9
24-08-2011,201.24,113.57
25-08-2011,195.46,112.38
26-08-2011,196.5,110.18
29-08-2011,199.84,114.03
30-08-2011,199.12,115.83
02-09-2011,202.77,116.82
05-09-2011,204.69,116.45
06-09-2011,204.49,117.36
07-09-2011,203.04,118.88
08-09-2011,202.99,119.44
09-09-2011,204.64,117.36
12-09-2011,202.98,114.7
13-09-2011,202.67,114.56
14-09-2011,203.83,116.06
15-09-2011,203.68,117.57
16-09-2011,202.07,117.78
19-09-2011,203.83,116.66
20-09-2011,204.66,118.95
21-09-2011,205.68,119
22-09-2011,202.78,114.29
23-09-2011,201.13,113.07
26-09-2011,195.19,112.16
27-09-2011,198.9,115.15
28-09-2011,197.14,114.56
29-09-2011,195.85,115.96
30-09-2011,196.12,114.39
03-10-2011,196.28,112.18
04-10-2011,195.07,110.34
05-10-2011,193.05,109.81
07-10-2011,195.84,112.74
10-10-2011,197.45,114.72
11-10-2011,196.49,114.76
12-10-2011,198.18,117.5
13-10-2011,198.13,117.13
14-10-2011,198.46,118.18
17-10-2011,199.34,117.93
18-10-2011,197.56,116.13
19-10-2011,198.23,118.27
20-10-2011,197.3,117.19
21-10-2011,196.87,116.18
24-10-2011,198.12,117.08
25-10-2011,198.49,118.96
28-10-2011,201.23,122.8
31-10-2011,200.43,122.23
01-11-2011,200.22,120.8
02-11-2011,200.96,120.83
03-11-2011,201.41,121.11
04-11-2011,202.19,121.66
08-11-2011,203.33,121.69
09-11-2011,202.56,120.09
11-11-2011,201.83,118.85
14-11-2011,201.89,118.32
15-11-2011,200.6,116.21
16-11-2011,200.37,115.38
17-11-2011,199.13,113.25
18-11-2011,198.26,112.61
21-11-2011,197.24,109.79
22-11-2011,197.17,110.49
23-11-2011,196.24,108.09
24-11-2011,197.12,109.31
25-11-2011,196.59,108.46
28-11-2011,198.13,111.54
29-11-2011,197.83,110.41
30-11-2011,197.57,110.84
01-12-2011,199.19,113.03
02-12-2011,200.48,115.68
05-12-2011,200.14,115.5
07-12-2011,199.94,115.92
08-12-2011,199.13,113.31
09-12-2011,198.9,111.62
12-12-2011,196.85,109.28
13-12-2011,196.95,109.94
14-12-2011,196.49,109.08
15-12-2011,194.91,108.73
16-12-2011,193.36,106.57
19-12-2011,192.88,105.48
20-12-2011,191.8,103.76
21-12-2011,193.54,106.93
22-12-2011,193.31,107.9
23-12-2011,193.19,107.37
26-12-2011,193.89,108.74
27-12-2011,193.07,108.04
28-12-2011,192.48,107.02
29-12-2011,191.19,105.81
30-12-2011,191.55,105.38
02-01-2012,191.81,105.58
03-01-2012,194.28,108.55
04-01-2012,194.92,108.29
05-01-2012,195.08,108.34
06-01-2012,195.4,108.33
09-01-2012,194.74,108.23
10-01-2012,196.09,110.72
11-01-2012,196.66,111.13
12-01-2012,196.91,110.71
13-01-2012,197.35,111.52
16-01-2012,197.58,111.74
17-01-2012,198.73,113.79
18-01-2012,197.77,113.43
19-01-2012,198.81,114.93
20-01-2012,199.06,115.65
23-01-2012,199.47,115.59
24-01-2012,200.47,117.55
25-01-2012,200.84,118.41
27-01-2012,203.23,119.43
30-01-2012,203.36,116.73
31-01-2012,204.91,119.32
01-02-2012,205.35,120.23
02-02-2012,205.69,121.04
03-02-2012,206.16,122.2
06-02-2012,205.66,123.27
07-02-2012,205.13,122.49
08-02-2012,207.01,123.37
09-02-2012,207.62,124.43
10-02-2012,207.2,123.89
13-02-2012,206.98,124.09
14-02-2012,207.46,124.73
15-02-2012,209.6,127.43
16-02-2012,209.92,127.42
17-02-2012,210.47,128.32
21-02-2012,211.34,129.25
22-02-2012,209.92,126.41
23-02-2012,210,125.96
24-02-2012,209.61,124.76
27-02-2012,207.39,121.33
28-02-2012,209.37,123.84
29-02-2012,210.31,124.11
01-03-2012,207.04,123.09
02-03-2012,207.4,123.49
05-03-2012,206.14,121.69
06-03-2012,205.65,120.43
07-03-2012,205.12,120.28
09-03-2012,206.73,122.97
12-03-2012,207.35,123.67
13-03-2012,208.01,125.2
14-03-2012,207.29,126.07
15-03-2012,205.94,124.06
16-03-2012,205.67,122.59
19-03-2012,205.17,121.13
20-03-2012,205.25,121.64
21-03-2012,207.29,123.8
22-03-2012,205.58,120.61
23-03-2012,207.35,121.77
26-03-2012,206.37,119.66
27-03-2012,206.85,120.93
28-03-2012,205.98,119.78
29-03-2012,206.26,119.59
30-03-2012,207.9,122.39
02-04-2012,208.37,122.98
03-04-2012,209.57,124.03
04-04-2012,207.83,123.3
09-04-2012,207.63,121.26
10-04-2012,208.29,121.46
11-04-2012,208.23,121
12-04-2012,208.63,122.09
13-04-2012,208.75,120.62
16-04-2012,208.85,121.1
17-04-2012,209.65,122.49
18-04-2012,208.92,122.66
19-04-2012,209.34,123.24
20-04-2012,209.47,122.32
23-04-2012,209.25,120.25
24-04-2012,209.95,120.59
25-04-2012,208.51,120.14
26-04-2012,209.54,119.76
27-04-2012,209.79,119.71
30-04-2012,210.63,121.06
02-05-2012,210.32,120.86
03-05-2012,210.12,119.63
04-05-2012,209.16,117.4
07-05-2012,208.97,118.14
08-05-2012,207.73,115.59
09-05-2012,205.63,114.83
10-05-2012,205.48,114.68
11-05-2012,204.86,113.8
14-05-2012,203.02,113.31
15-05-2012,203.59,114.06
16-05-2012,202.02,112.11
17-05-2012,203.23,112.35
18-05-2012,205.44,112.73
21-05-2012,206.17,113.16
22-05-2012,205.76,112.1
23-05-2012,204.99,111.48
24-05-2012,206.24,113.29
25-05-2012,205.65,113.37
28-05-2012,207.13,114.88
29-05-2012,208.01,114.94
30-05-2012,206.62,113.94
31-05-2012,207.06,113.53
01-06-2012,205.61,111.69
04-06-2012,207.26,111.73
05-06-2012,208.53,112.05
06-06-2012,210.82,115.03
07-06-2012,208.95,116.21
08-06-2012,208.25,116.65
11-06-2012,209.61,116.25
12-06-2012,210.07,117.62
13-06-2012,211.18,117.76
14-06-2012,210.67,116.21
15-06-2012,211.11,118.01
18-06-2012,210.64,116.29
19-06-2012,211.74,117.11
20-06-2012,211.04,117.61
21-06-2012,211.71,118.66
22-06-2012,211.23,118.25
25-06-2012,211.05,117.58
26-06-2012,211.46,117.84
27-06-2012,211.25,118.32
28-06-2012,211.28,118.5
29-06-2012,211.43,121.43
02-07-2012,212.37,121.53
03-07-2012,211.94,121.94
04-07-2012,212.3,122.31
05-07-2012,213.62,122.91
06-07-2012,212.53,122.59
09-07-2012,211.91,121.57
10-07-2012,212.61,123.12
11-07-2012,211.08,122.29
12-07-2012,210.69,120.8
13-07-2012,210.48,120.57
16-07-2012,210.77,119.94
17-07-2012,210.12,119.76
18-07-2012,210.29,120.21
19-07-2012,211.16,120.77
20-07-2012,210.99,120.03
23-07-2012,209.97,118.07
24-07-2012,210.4,118.37
25-07-2012,211.05,117.89
26-07-2012,210.21,116.3
27-07-2012,210.35,117.36
30-07-2012,212.01,119.66
31-07-2012,212.65,120.32
01-08-2012,212.27,120.64
02-08-2012,212.38,120.49
03-08-2012,211.98,120.18
06-08-2012,212.48,121.59
07-08-2012,212.94,122.73
08-08-2012,212.31,122.65
09-08-2012,212.39,122.29
10-08-2012,213.2,122.2
13-08-2012,214.14,122.96
14-08-2012,214.23,123.65
16-08-2012,214.15,123.26
17-08-2012,214.46,123.3
21-08-2012,214.82,124.42
22-08-2012,215.03,124.17
23-08-2012,215.6,124.15
24-08-2012,215.9,123.54
27-08-2012,216.29,122.64
28-08-2012,216.64,122.18
29-08-2012,214.72,121.2
30-08-2012,215.43,121.77
31-08-2012,215.07,120.65
03-09-2012,216.48,120.53
04-09-2012,216.89,121.11
05-09-2012,217.68,120.05
06-09-2012,218.26,120.38
07-09-2012,217.81,122.59
10-09-2012,220.15,123.17
11-09-2012,220.52,123.71
12-09-2012,221.32,124.52
13-09-2012,221.38,124.52
14-09-2012,222.45,127.47
17-09-2012,222.2,128.38
18-09-2012,222.45,128.43
20-09-2012,222.36,127.51
21-09-2012,223.38,130.52
24-09-2012,223.07,130.22
25-09-2012,223.34,130.41
26-09-2012,223.52,130.21
27-09-2012,222.73,130.09
28-09-2012,223.89,131.42
01-10-2012,224.47,131.85
03-10-2012,225.8,132.22
04-10-2012,225.86,133.49
05-10-2012,224.73,132.59
08-10-2012,223.69,131.04
09-10-2012,224.49,131.72
10-10-2012,224,130.48
11-10-2012,225.53,131.8
12-10-2012,225.19,131.17
15-10-2012,224.35,131.31
16-10-2012,222.84,130.36
17-10-2012,223.76,130.62
18-10-2012,224.35,131.95
19-10-2012,224.13,131.16
22-10-2012,224.16,131.83
23-10-2012,223.63,131.25
25-10-2012,223.17,131.52
26-10-2012,223.17,130.47
29-10-2012,222.49,130.37
30-10-2012,221.76,128.89
31-10-2012,221.87,129.53
01-11-2012,223.4,130.19
02-11-2012,223.62,131.38
05-11-2012,223.04,131.48
06-11-2012,223.96,131.93
07-11-2012,225.8,132.86
08-11-2012,225.8,132.46
09-11-2012,225.95,131.28
12-11-2012,226.79,131.55
13-11-2012,226.79,131.23
15-11-2012,225.88,130.55
16-11-2012,225.56,129.21
19-11-2012,224.67,128.96
20-11-2012,224.98,128.88
21-11-2012,225.2,129.82
22-11-2012,225.66,130.21
23-11-2012,226.38,130.27
26-11-2012,228.87,130.73
27-11-2012,230.22,132.85
29-11-2012,229.61,134.97
30-11-2012,229.8,136.18
03-12-2012,230.88,136.17
04-12-2012,230.36,136.63
05-12-2012,230.37,136.89
06-12-2012,230.26,137.66
07-12-2012,231.08,137.09
10-12-2012,230.79,137.2
11-12-2012,230.26,136.9
12-12-2012,230.8,136.7
13-12-2012,229.24,135.79
14-12-2012,229.89,136.5
17-12-2012,230.09,136.19
18-12-2012,231.99,137.24
19-12-2012,231.41,138.04
20-12-2012,231.4,137.8
21-12-2012,229.82,136.16
24-12-2012,230.01,136.35
26-12-2012,230.69,137.45
27-12-2012,230.6,136.67
28-12-2012,231.11,137.59
31-12-2012,231.42,137.63
01-01-2013,232.6,138.79
02-01-2013,233.1,139.76
03-01-2013,233.9,140.2
04-01-2013,233.04,140.31
07-01-2013,233.24,139.79
08-01-2013,232.82,140.04
09-01-2013,232.83,139.4
10-01-2013,232.41,139.31
11-01-2013,232.07,138.69
14-01-2013,233.01,140.44
15-01-2013,233.77,141.14
16-01-2013,233.49,139.77
17-01-2013,233.14,140.53
18-01-2013,233.09,140.94
21-01-2013,233.3,141.34
22-01-2013,233.38,140.45
23-01-2013,233.16,140.47
24-01-2013,231.93,139.42
25-01-2013,232.57,140.84
28-01-2013,232.84,140.87
29-01-2013,232.09,140.22
30-01-2013,231.97,140.31
31-01-2013,231.89,140.06
01-02-2013,232.12,139.42
04-02-2013,231.35,139.09
05-02-2013,231.45,138.39
06-02-2013,231.11,138.53
07-02-2013,231.14,137.97
08-02-2013,230.45,137.13
11-02-2013,230.47,137.01
12-02-2013,230.37,137.55
13-02-2013,231.06,137.61
14-02-2013,229.91,136.61
15-02-2013,229.33,136.47
18-02-2013,229.11,136.77
19-02-2013,229.53,137.78
20-02-2013,229.66,137.81
21-02-2013,229.66,135.59
22-02-2013,227.44,135.62
25-02-2013,227.47,135.6
26-02-2013,226.45,133.51
27-02-2013,227.73,134.44
28-02-2013,226.1,131.92
01-03-2013,225.85,132.63
04-03-2013,225.96,132.04
05-03-2013,226.69,134.01
06-03-2013,227.16,134.79
07-03-2013,227.59,135.75
08-03-2013,227.9,137.59
11-03-2013,228.1,137.55
12-03-2013,227.53,136.81
13-03-2013,226.43,135.26
14-03-2013,226.72,136.58
15-03-2013,226.93,135.77
18-03-2013,226.7,135.03
19-03-2013,225.36,132.86
20-03-2013,224.87,131.46
21-03-2013,224.04,130.62
22-03-2013,224.29,130.46
25-03-2013,223.48,130
26-03-2013,223.52,130.19
28-03-2013,224.65,131.31
01-04-2013,225.35,131.92
02-04-2013,225.36,133.06
03-04-2013,223.64,131.35
04-04-2013,221.76,129.1
05-04-2013,221.87,128.66
08-04-2013,223.08,128.53
09-04-2013,222.67,127.43
10-04-2013,223.46,128.86
11-04-2013,222.44,129.61
12-04-2013,221.7,128.44
15-04-2013,214.26,129.18
16-04-2013,214.36,131.83
17-04-2013,214.09,131.89
18-04-2013,214.97,134.01
22-04-2013,217.48,135.32
23-04-2013,217.35,135.28
25-04-2013,219.26,136.99
26-04-2013,219.82,136.03
29-04-2013,220.72,136.9
30-04-2013,220.43,137.6
02-05-2013,220.82,139.27
03-05-2013,222.13,138.13
06-05-2013,222.35,138.8
07-05-2013,222.65,140.45
08-05-2013,222.46,140.91
09-05-2013,223.27,140.46
10-05-2013,223.33,141.51
13-05-2013,222.77,139.01
14-05-2013,221.85,139.37
15-05-2013,223.15,142.75
16-05-2013,221.78,143.36
17-05-2013,222.33,143.86
20-05-2013,220.01,143.02
21-05-2013,220.84,142.03
22-05-2013,220.84,141.53
23-05-2013,218.75,138.65
24-05-2013,219.83,139.14
27-05-2013,221.3,141.36
28-05-2013,221.13,141.94
29-05-2013,221.37,141.69
30-05-2013,223.18,142.05
31-05-2013,223.03,139.16
03-06-2013,222.31,138.34
04-06-2013,222.79,138.09
05-06-2013,222.67,138.21
06-06-2013,223.77,138.08
07-06-2013,224.03,137.03
10-06-2013,222.94,136.7
11-06-2013,221.76,134.55
12-06-2013,220.98,133.69
13-06-2013,220.97,132.17
14-06-2013,221.18,134.62
17-06-2013,222.7,135.68
18-06-2013,223.47,135.05
19-06-2013,223,135.37
20-06-2013,218.95,131.55
21-06-2013,217.83,131.54
24-06-2013,216.77,129.55
25-06-2013,216.91,129.89
26-06-2013,213.9,129.45
27-06-2013,214.83,131.43
28-06-2013,213.69,135.01
01-07-2013,216.31,136.72
02-07-2013,216.8,135.76
03-07-2013,215.93,133.72
04-07-2013,216.79,135.13
05-07-2013,217.02,135.75
08-07-2013,216.72,134.65
09-07-2013,217.23,135.85
10-07-2013,217.21,134.92
11-07-2013,219.11,137.41
12-07-2013,219.26,138.98
15-07-2013,219.94,139.59
16-07-2013,218.72,137.83
17-07-2013,218.71,138.04
18-07-2013,219.92,139.64
19-07-2013,219.96,139.32
22-07-2013,221.3,139.32
23-07-2013,221.9,140.34
24-07-2013,219.86,138.23
25-07-2013,218.56,136.44
26-07-2013,219.12,135.84
29-07-2013,219.42,134.52
30-07-2013,218.9,132.6
31-07-2013,219.62,132.36
01-08-2013,217.83,131.77
02-08-2013,216.18,130.53
05-08-2013,217.13,130.82
06-08-2013,216.7,127.54
07-08-2013,216.02,127.35
08-08-2013,217.54,128.4
12-08-2013,219.32,129.55
13-08-2013,221.51,131.65
14-08-2013,221.55,132.64
16-08-2013,222.13,127.25
19-08-2013,221.91,124.96
20-08-2013,221.3,124.51
21-08-2013,220.82,122.31
22-08-2013,221.06,124.59
23-08-2013,221.33,126.09
26-08-2013,222.73,126.28
27-08-2013,222.02,121.98
28-08-2013,222.41,121.7
29-08-2013,223,124.47
30-08-2013,221.23,125.88
02-09-2013,222.77,127.71
03-09-2013,222.64,123.04
04-09-2013,223.32,125.4
05-09-2013,223.16,128.64
06-09-2013,222.23,130.47
10-09-2013,223.5,135.23
11-09-2013,223.46,135.79
12-09-2013,223.26,134.29
13-09-2013,222.19,134.36
16-09-2013,221.72,134.14
17-09-2013,222.48,134.26
18-09-2013,222.06,135.34
19-09-2013,226.38,140.28
20-09-2013,225.36,138.12
23-09-2013,223.71,135.46
24-09-2013,223.67,135.53
25-09-2013,223.93,135.25
26-09-2013,224.03,135.42
27-09-2013,224.24,134.5
30-09-2013,224.65,132.31
01-10-2013,224.49,133.34
03-10-2013,225.23,136.23
04-10-2013,225.13,136.26
07-10-2013,225.58,136.36
08-10-2013,228.2,136.78
09-10-2013,228.23,138.56
10-10-2013,228.28,138.98
11-10-2013,228.35,140.49
14-10-2013,229.28,140.86
15-10-2013,228,140.2
17-10-2013,229.11,139.25
18-10-2013,230.89,142.38
21-10-2013,232.4,143.02
22-10-2013,232.8,143.06
23-10-2013,233.85,142.57
24-10-2013,233.19,142.24
25-10-2013,233.37,141.67
28-10-2013,233.15,140.56
29-10-2013,232.66,143.26
30-10-2013,232.94,143.99
31-10-2013,232.47,145.14
01-11-2013,233.35,145.45
05-11-2013,232.7,144.42
06-11-2013,232.47,143.58
07-11-2013,231.51,142.68
08-11-2013,231.17,141.81
11-11-2013,230.77,140.43
12-11-2013,230.9,139.14
13-11-2013,229.98,138.48
14-11-2013,231.52,140.19
18-11-2013,233.4,143.15
19-11-2013,232.94,143.42
20-11-2013,231.97,141.62
21-11-2013,230.14,138.82
22-11-2013,230.41,138.81
25-11-2013,230.7,141.48
26-11-2013,231.09,140.31
27-11-2013,230.47,140.27
28-11-2013,230.72,141.08
29-11-2013,232.59,143.01
02-12-2013,233,143.98
03-12-2013,232.8,143.59
04-12-2013,232.28,142.64
05-12-2013,233.71,144.36
06-12-2013,233.57,144.78
09-12-2013,233.66,147.06
10-12-2013,233.66,146.3
11-12-2013,233.5,145.67
12-12-2013,232.09,144.1
13-12-2013,231.22,142.49
16-12-2013,231.29,142.44
17-12-2013,230.67,142.19
18-12-2013,231.81,144.04
19-12-2013,230.83,143.05
20-12-2013,232.3,145.49
23-12-2013,232.46,145.81
24-12-2013,232.37,145.53
26-12-2013,232.94,145.79
27-12-2013,232.7,146.66
30-12-2013,232.01,146.18
31-12-2013,232.33,146.52
01-01-2014,232.62,146.57
02-01-2014,232.86,144.52
03-01-2014,232.37,144.44
06-01-2014,232.75,144.09
07-01-2014,232.08,143.29
08-01-2014,231.57,143.59
09-01-2014,231.66,143.28
10-01-2014,231.93,143.28
13-01-2014,233.3,145.25
14-01-2014,232.99,144.65
15-01-2014,233.32,146.29
16-01-2014,232.99,146.03
17-01-2014,231.11,144.64
20-01-2014,232.69,145.71
21-01-2014,232.33,145.92
22-01-2014,232.76,146.46
23-01-2014,232.84,146.54
24-01-2014,232.32,144.62
27-01-2014,230.4,141.42
28-01-2014,229.97,141.2
29-01-2014,231.27,141.2
30-01-2014,229.2,139.88
31-01-2014,229.2,140.65
03-02-2014,228.54,138.71
04-02-2014,228.36,138.78
05-02-2014,228.71,139.32
06-02-2014,229.07,139.67
07-02-2014,229.77,140.24
10-02-2014,229.71,139.93
11-02-2014,230.21,140.12
12-02-2014,230.3,140.5
13-02-2014,228.78,138.57
14-02-2014,229.62,139.53
17-02-2014,231.14,140.03
18-02-2014,232.3,141.28
19-02-2014,233.05,141.87
20-02-2014,232.26,140.61
21-02-2014,232.83,142.02
24-02-2014,232.77,142.61
25-02-2014,233.27,142.92
26-02-2014,233.51,143.66
28-02-2014,233.88,144.66
03-03-2014,234.12,143.55
04-03-2014,234.86,145.26
05-03-2014,235.44,145.98
06-03-2014,235.81,147.66
07-03-2014,236.97,150.35
10-03-2014,236.52,150.68
11-03-2014,235.55,149.99
12-03-2014,236.48,150.1
13-03-2014,235.98,149.49
14-03-2014,236.04,149.75
18-03-2014,235.85,150.33
19-03-2014,235.92,150.58
20-03-2014,234.21,149.6
21-03-2014,234.43,149.93
24-03-2014,235.08,151.9
25-03-2014,234,152.13
26-03-2014,234.37,152.38
27-03-2014,234.19,153.3
28-03-2014,234.97,154.83
31-03-2014,236.63,155.27
01-04-2014,236.13,155.53
02-04-2014,235.98,156.43
03-04-2014,236.04,155.93
04-04-2014,236.3,155.1
07-04-2014,236.15,155.13
09-04-2014,237.84,157.5
10-04-2014,239.52,157.77
11-04-2014,239.09,157.27
15-04-2014,239.1,156.02
16-04-2014,238.63,154.7
17-04-2014,239.13,157.07
21-04-2014,240.21,158.07
22-04-2014,241.03,158.07
23-04-2014,241.69,158.57
25-04-2014,241.78,157.5
28-04-2014,241.86,157.1
29-04-2014,241.08,155.97
30-04-2014,240.08,155.31
02-05-2014,240.3,155.39
05-05-2014,240.84,155.47
06-05-2014,240.78,155.84
07-05-2014,240.73,154.44
08-05-2014,239.86,154.55
09-05-2014,241.57,159.01
12-05-2014,242.13,162.37
13-05-2014,243.04,164.74
14-05-2014,243.61,165.16
15-05-2014,244.02,165.32
16-05-2014,244.09,167.47
19-05-2014,245.73,169.66
20-05-2014,245.77,169.96
21-05-2014,245.36,169.51
22-05-2014,243.91,170.39
23-05-2014,244.83,172.64
26-05-2014,243.92,172.02
27-05-2014,242.72,170.87
28-05-2014,242.38,171.23
29-05-2014,241,169.06
30-05-2014,240.7,169.02
02-06-2014,242.31,172.08
03-06-2014,242.9,173.37
04-06-2014,243.15,173.31
05-06-2014,244.4,175.12
06-06-2014,244.82,177.81
09-06-2014,245.89,179.41
10-06-2014,245.98,179.32
11-06-2014,245.66,178.36
12-06-2014,245.16,178.79
13-06-2014,244.74,175.92
16-06-2014,245.85,175.8
17-06-2014,246.03,178.13
18-06-2014,245.58,176.47
19-06-2014,245.67,175.93
20-06-2014,246.87,175.27
23-06-2014,246.76,175.01
24-06-2014,247.88,177.07
25-06-2014,247.27,176.84
26-06-2014,247.38,175.2
27-06-2014,247.27,175.62
30-06-2014,248.71,178.19
01-07-2014,249.87,178.86
02-07-2014,250.41,181.21
03-07-2014,249.78,180.91
04-07-2014,250.52,181.71
07-07-2014,249.49,182.42
08-07-2014,247.53,178.03
09-07-2014,246.46,176.94
10-07-2014,249.02,176.76
11-07-2014,246.51,173.83
14-07-2014,246.62,173.89
15-07-2014,247.38,175.91
16-07-2014,247.94,178.12
17-07-2014,248.93,178.73
18-07-2014,248.89,179.08
21-07-2014,249.3,179.48
22-07-2014,249.32,181.27
23-07-2014,249,181.72
24-07-2014,248.66,182.45
25-07-2014,246.85,181.27
28-07-2014,247.89,180.43
30-07-2014,247.98,181.5
31-07-2014,247.91,180.06
01-08-2014,247.45,177.52
04-08-2014,248.79,179.46
05-08-2014,248.92,180.83
06-08-2014,248.88,179.21
07-08-2014,249.65,178.7
08-08-2014,250.93,176.62
11-08-2014,249.52,178.01
12-08-2014,250.76,180.23
13-08-2014,250.18,180.26
14-08-2014,250.81,181.58
18-08-2014,251.83,183.65
19-08-2014,251.13,184.41
20-08-2014,251.55,184.03
21-08-2014,250.64,184.53
22-08-2014,251.23,185.02
25-08-2014,249.91,184.57
26-08-2014,250.93,184.52
27-08-2014,250.21,185.19
28-08-2014,251.37,185.48
01-09-2014,252.18,187.54
02-09-2014,253.13,188.84
03-09-2014,252.55,189.67
04-09-2014,251.59,189.26
05-09-2014,251.85,189.09
08-09-2014,252.68,191.17
09-09-2014,252.52,190.89
10-09-2014,252.38,189.43
11-09-2014,251.83,189.4
12-09-2014,251.64,189.86
15-09-2014,250.9,188.5
16-09-2014,248.73,185.46
17-09-2014,248.83,186.49
18-09-2014,250.35,189.84
19-09-2014,250.54,189.77
22-09-2014,250.41,190.26
23-09-2014,249.59,187.11
24-09-2014,248.66,186.69
25-09-2014,247,184.42
26-09-2014,247.93,185.99
29-09-2014,248.62,185.95
30-09-2014,248.11,186.07
01-10-2014,248.11,185.57
07-10-2014,246.62,183.33
08-10-2014,247.63,183.13
09-10-2014,248.53,185.99
10-10-2014,247.35,183.49
13-10-2014,248.16,184.11
14-10-2014,248.09,183.79
16-10-2014,248.24,180.72
17-10-2014,247.71,181.7
20-10-2014,248.57,184.11
21-10-2014,249.42,185.29
22-10-2014,250.37,186.95
23-10-2014,250.61,187.46
27-10-2014,249.37,186.86
28-10-2014,249.68,187.66
29-10-2014,250.08,189.06
30-10-2014,250.21,190.83
31-10-2014,250.88,194.34
03-11-2014,251.07,194.55
05-11-2014,250.25,194.75
07-11-2014,249.82,194.92
10-11-2014,250.62,195.12
11-11-2014,250.15,195.66
12-11-2014,250.95,196.39
13-11-2014,251.12,195.78
14-11-2014,251.2,196.57
17-11-2014,252.99,197.61
18-11-2014,253.63,197.83
19-11-2014,252.89,196.72
20-11-2014,252.78,197.22
21-11-2014,253.14,198.72
24-11-2014,253.73,199.87
25-11-2014,253.38,198.08
26-11-2014,254.33,198.31
27-11-2014,254.23,198.84
28-11-2014,254.54,201.01
01-12-2014,252.65,200.36
02-12-2014,253.99,199.91
03-12-2014,254.97,200.59
04-12-2014,255.25,201.2
05-12-2014,254.83,200.46
08-12-2014,253.48,198.13
09-12-2014,252.65,195.68
10-12-2014,254.88,196.3
11-12-2014,253.67,194.8
12-12-2014,253.44,193.06
15-12-2014,253.03,192.85
16-12-2014,251.48,189.02
17-12-2014,251.13,188.19
18-12-2014,252.37,191.72
19-12-2014,252.68,193.09
22-12-2014,254.19,195.33
23-12-2014,252.47,193.95
24-12-2014,252.12,192.05
26-12-2014,252.58,192.73
29-12-2014,253.43,193.88
30-12-2014,253.14,194.2
31-12-2014,253.88,195.13
01-01-2015,254.09,195.25
02-01-2015,254.79,197.7
05-01-2015,255.3,197.31
06-01-2015,254.07,191.44
07-01-2015,253.5,190.93
08-01-2015,253.65,194.15
09-01-2015,253.31,195.09
12-01-2015,254.72,195.99
13-01-2015,255.34,195.48
14-01-2015,254.65,195.03
15-01-2015,256.65,199.73
16-01-2015,258.57,200.34
19-01-2015,259.33,201.2
20-01-2015,261.24,204.13
21-01-2015,261.94,204.88
22-01-2015,261.47,205.58
23-01-2015,262.71,207.39
27-01-2015,262.49,209.03
28-01-2015,263.34,209.32
29-01-2015,263,210.05
30-01-2015,263.4,207
02-02-2015,262.92,207.08
03-02-2015,262.43,205.75
04-02-2015,261.17,205.09
05-02-2015,261.17,204.49
06-02-2015,260.94,203.3
09-02-2015,258.03,200.07
10-02-2015,259.06,201.18
11-02-2015,259.62,202.97
12-02-2015,259.53,205.11
13-02-2015,260.74,207.12
16-02-2015,261.32,207.03
18-02-2015,260.62,208.4
19-02-2015,260.04,208.88
20-02-2015,259.87,207.74
23-02-2015,258.78,205.92
24-02-2015,257.88,206.04
25-02-2015,258.27,206.08
26-02-2015,257.53,204.08
27-02-2015,259.1,207.98
02-03-2015,260.53,210.61
03-03-2015,260.71,211.62
04-03-2015,259.83,209.78
05-03-2015,260.67,210.26
09-03-2015,258.53,206.26
10-03-2015,257.87,205.42
11-03-2015,257.25,205.09
12-03-2015,257.89,207.19
13-03-2015,256.74,204.15
16-03-2015,256.27,203.62
17-03-2015,256.9,205.9
18-03-2015,257.09,205.23
19-03-2015,256.29,204.09
20-03-2015,256.07,202.33
23-03-2015,255.6,201.65
24-03-2015,256.05,201.38
25-03-2015,255.66,201.15
26-03-2015,256.53,197.02
27-03-2015,254.65,197
30-03-2015,255.52,200.49
31-03-2015,255.13,200.52
01-04-2015,257.02,202.73
06-04-2015,260.25,204.49
07-04-2015,260.82,204.83
08-04-2015,260.97,206.15
09-04-2015,261.66,207.47
10-04-2015,261.62,207.73
13-04-2015,262.65,209.06
15-04-2015,261.23,207.12
16-04-2015,260.93,206.03
17-04-2015,259.25,203.54
20-04-2015,258.03,199.75
21-04-2015,257.81,198.15
22-04-2015,258,199.2
23-04-2015,257.31,198.67
24-04-2015,256.03,196.36
27-04-2015,253.95,193.97
28-04-2015,255.64,195.9
29-04-2015,255.37,195.06
30-04-2015,255.81,193.93
04-05-2015,256.26,197.47
05-05-2015,256.21,197.55
06-05-2015,253.99,191.98
07-05-2015,252.75,190.39
08-05-2015,253.94,193.71
11-05-2015,256.05,197.05
12-05-2015,254.72,192.51
13-05-2015,256.98,195.32
14-05-2015,258.26,195.47
15-05-2015,258.58,196.35
18-05-2015,260.67,198.94
19-05-2015,259.83,198.77
20-05-2015,259.86,199.96
21-05-2015,260.04,199.81
22-05-2015,259.8,200.6
25-05-2015,259,198.83
26-05-2015,258.05,198.17
27-05-2015,257.79,197.86
28-05-2015,257.04,197.32
29-05-2015,258.45,200.06
01-06-2015,258.29,199.95
02-06-2015,257.28,195.37
03-06-2015,254.98,192.95
04-06-2015,255.14,192.92
05-06-2015,254.34,192.67
08-06-2015,253.16,190.86
09-06-2015,253.26,190.35
10-06-2015,254.3,192.7
11-06-2015,251.98,189.05
12-06-2015,252.59,189.47
15-06-2015,252.71,190.13
16-06-2015,253.26,190.99
17-06-2015,253.95,192.34
18-06-2015,255.65,194.14
19-06-2015,256.37,195.32
22-06-2015,257.27,198.35
23-06-2015,256.87,198.96
24-06-2015,256.38,198.38
25-06-2015,257.34,199.29
26-06-2015,256.96,198.9
29-06-2015,256.27,197.3
30-06-2015,256.57,198.67
01-07-2015,257.91,200.74
02-07-2015,257.63,200.91
03-07-2015,256.99,201.68
06-07-2015,257.65,202.64
07-07-2015,258,202.56
08-07-2015,257.02,199.24
09-07-2015,257.5,198.5
10-07-2015,257.19,199.12
13-07-2015,257.36,201.48
14-07-2015,257.22,201.44
15-07-2015,257.57,202.84
16-07-2015,257.78,204.92
17-07-2015,258.3,205.14
20-07-2015,257.29,205.03
21-07-2015,256.51,203.03
22-07-2015,255.08,205.45
23-07-2015,255.36,204.6
24-07-2015,254.76,202.99
27-07-2015,253.65,199.37
28-07-2015,253.53,198.81
29-07-2015,253.42,199.72
30-07-2015,253.86,200.89
31-07-2015,254.75,203.49
03-08-2015,255.3,203.97
04-08-2015,255.39,203.93
05-08-2015,255.69,205.25
06-08-2015,255.74,205.81
07-08-2015,255.95,205.22
10-08-2015,256.21,206.34
11-08-2015,257.04,202.97
12-08-2015,257.01,199.9
13-08-2015,257.45,199.92
14-08-2015,258.47,203.87
17-08-2015,258.99,203.22
18-08-2015,259.64,203.17
19-08-2015,259.78,203.77
20-08-2015,260.18,200.88
21-08-2015,260.76,199.17
24-08-2015,256.24,186.63
25-08-2015,256.31,188.74
26-08-2015,254.65,186.71
27-08-2015,255.34,190.7
28-08-2015,256.63,191.9
31-08-2015,257.01,191.1
01-09-2015,256,186.85
02-09-2015,255.19,185.22
03-09-2015,254.83,187.66
04-09-2015,253.66,183.69
07-09-2015,252.18,181.04
08-09-2015,252.61,183.75
09-09-2015,253.38,186.96
10-09-2015,252.62,186.5
11-09-2015,252.85,186.53
14-09-2015,253.62,188.67
15-09-2015,253.07,187.54
16-09-2015,253.54,188.7
18-09-2015,255.73,190.6
21-09-2015,254.97,190.55
22-09-2015,253.4,186.82
23-09-2015,253.44,187.43
24-09-2015,255.04,187.89
25-09-2015,255.04,-
28-09-2015,253.67,186.19
29-09-2015,253.19,187.19
30-09-2015,254.31,189.89
01-10-2015,253.81,190.16
05-10-2015,256.52,194.15
06-10-2015,257.47,194.9
07-10-2015,257.9,195.4
08-10-2015,256.69,194.05
09-10-2015,257.53,195.24
12-10-2015,257.99,194.31
13-10-2015,257.2,194.01
14-10-2015,257.75,193.56
15-10-2015,259.06,195.06
16-10-2015,259.39,196.3
19-10-2015,259.45,197.24
20-10-2015,259.68,196.99
21-10-2015,259.74,196.63
23-10-2015,259.2,197.35
26-10-2015,258.68,196.52
27-10-2015,258.75,196.06
28-10-2015,258.44,194.73
29-10-2015,257.85,193.37
30-10-2015,257.65,192.43
02-11-2015,256.66,192.18
03-11-2015,256.33,192.56
04-11-2015,255.77,192.17
05-11-2015,255.03,190.06
06-11-2015,254,189.93
09-11-2015,254.28,189.34
10-11-2015,252.33,186.12
11-11-2015,253.2,187.26
13-11-2015,250.86,185.63
16-11-2015,251.32,186.35
17-11-2015,250.78,187.14
18-11-2015,250.03,184.88
19-11-2015,251.22,187.44
20-11-2015,252.31,187.93
23-11-2015,252.36,187.86
24-11-2015,252.12,187.55
26-11-2015,252.44,188.63
27-11-2015,252.63,189.89
30-11-2015,252.08,189.64
01-12-2015,252.92,190.35
02-12-2015,252.73,189.92
03-12-2015,251.31,188.34
04-12-2015,251.07,186.45
07-12-2015,252.26,186.14
08-12-2015,250.84,184.57
09-12-2015,250.3,182.22
10-12-2015,250.31,183.88
11-12-2015,249.15,182.17
14-12-2015,249.32,183.12
15-12-2015,249.52,184.34
16-12-2015,250.25,185.46
17-12-2015,251.07,187.78
18-12-2015,250.25,186.14
21-12-2015,251.62,187.79
22-12-2015,251.81,186.74
23-12-2015,251.8,188.49
24-12-2015,251.97,188.42
28-12-2015,252.57,189.8
29-12-2015,252.84,189.98
30-12-2015,252.57,189.23
31-12-2015,252.63,190.43
01-01-2016,253.72,191.07
04-01-2016,252.69,187.3
05-01-2016,253.55,187.35
06-01-2016,253.31,186.38
07-01-2016,252.12,181.97
08-01-2016,252.74,182.94
11-01-2016,252.74,181.84
12-01-2016,251.27,180.59
13-01-2016,249.68,181.52
14-01-2016,250.05,180.75
15-01-2016,248.82,177.98
18-01-2016,246.54,175.48
19-01-2016,246.88,177.53
20-01-2016,246.22,174.47
21-01-2016,245.2,173.47
22-01-2016,247.07,177
25-01-2016,247.9,177.3
27-01-2016,248.6,177.35
28-01-2016,248.65,176.97
29-01-2016,250.09,180.28
01-02-2016,251.21,180.23
02-02-2016,250.05,177.65
03-02-2016,248.19,175.39
04-02-2016,249.24,176.23
05-02-2016,251.13,178.59
08-02-2016,252.27,176.47
09-02-2016,252.42,174.07
10-02-2016,250.11,172.04
11-02-2016,248.86,166.37
12-02-2016,250.39,166.47
15-02-2016,253.87,171.02
16-02-2016,250.16,168.02
17-02-2016,250.26,169.33
18-02-2016,250.36,171.15
19-02-2016,251.88,171.54
22-02-2016,251.49,172.22
23-02-2016,251.02,169.4
24-02-2016,250.41,167.23
25-02-2016,250.71,166.14
26-02-2016,251.32,167.52
29-02-2016,251.43,166.73
01-03-2016,255.51,172.3
02-03-2016,255.25,175.6
03-03-2016,256.72,177.94
04-03-2016,259.43,178.37
08-03-2016,259.36,178.41
09-03-2016,258.68,179.42
10-03-2016,257.57,178.38
11-03-2016,259.37,178.95
14-03-2016,259.93,179.61
15-03-2016,257.27,177.77
16-03-2016,256.43,178.41
17-03-2016,258.09,178.92
18-03-2016,258.15,180.91
21-03-2016,259.02,183.33
22-03-2016,259.98,183.66
23-03-2016,258.5,183.73
28-03-2016,255.76,181.27
29-03-2016,255.65,180.9
30-03-2016,258.85,184.12
31-03-2016,259.01,184.34
01-04-2016,259.13,183.84
04-04-2016,258.25,184.83
05-04-2016,258.45,181.27
06-04-2016,258.57,181.66
07-04-2016,259.06,180.17
08-04-2016,259.83,180.49
11-04-2016,261.12,183.08
12-04-2016,262.59,184.04
13-04-2016,263.15,187.22
18-04-2016,264.47,188.82
20-04-2016,265.07,188.85
21-04-2016,265.94,188.79
22-04-2016,265.44,188.58
25-04-2016,263.82,187.5
26-04-2016,265.11,189.85
27-04-2016,265.79,190.29
28-04-2016,265.58,187.26
29-04-2016,266.91,187.44
02-05-2016,268.58,187
03-05-2016,268.12,185.52
04-05-2016,266.06,184.25
05-05-2016,265.99,184.87
06-05-2016,266.71,184.98
09-05-2016,268.01,187.89
10-05-2016,267.64,188.34
11-05-2016,267.49,187.57
12-05-2016,267.47,188.91
13-05-2016,267.18,186.91
16-05-2016,268.29,187.82
17-05-2016,268.08,188.44
18-05-2016,267.87,188.03
19-05-2016,266.88,185.94
20-05-2016,266.42,185.07
23-05-2016,266,184.63
24-05-2016,265.18,184.92
25-05-2016,265.56,188.99
26-05-2016,267.68,192.03
27-05-2016,268.68,194.22
30-05-2016,267.34,194.79
31-05-2016,267.32,194.29
01-06-2016,267.89,194.71
02-06-2016,267.48,195.69
03-06-2016,267.22,195.74
06-06-2016,268.8,195.17
07-06-2016,268.81,196.63
08-06-2016,268.9,196.91
09-06-2016,268.96,195.42
10-06-2016,269.34,194.59
13-06-2016,269.82,193.17
14-06-2016,269.98,193.2
15-06-2016,270.44,195.39
16-06-2016,271.97,194.03
17-06-2016,270.53,194.62
20-06-2016,271.03,196.16
21-06-2016,271.31,195.85
22-06-2016,270.2,195.53
23-06-2016,270.31,196.91
24-06-2016,273.02,192.83
27-06-2016,274.13,193.24
28-06-2016,275.01,194.14
29-06-2016,274.82,195.98
30-06-2016,275.68,198.09
01-07-2016,277.13,199.35
04-07-2016,278.58,200.45
05-07-2016,277.67,199.72
07-07-2016,278.82,199.72
08-07-2016,278.64,199.5
11-07-2016,280.62,202.93
12-07-2016,280.61,204.26
13-07-2016,280.32,204.1
14-07-2016,280.62,205.16
15-07-2016,280.98,204.77
18-07-2016,279.82,203.88
19-07-2016,280.21,204.4
20-07-2016,280.72,205.4
21-07-2016,280.1,204.32
22-07-2016,281,205.36
25-07-2016,282.25,207.63
26-07-2016,282.19,206.68
27-07-2016,282.34,207.4
28-07-2016,283.56,208.54
29-07-2016,283.39,208.04
01-08-2016,284.75,208.1
02-08-2016,285.77,207.59
03-08-2016,284.47,205.42
04-08-2016,284.37,205.75
05-08-2016,287.18,209.05
08-08-2016,285.53,209.97
09-08-2016,285.5,209.09
10-08-2016,285.33,206.45
11-08-2016,285.02,206.88
12-08-2016,285.64,208.8
16-08-2016,285.44,208.37
17-08-2016,285.38,208.22
18-08-2016,286.52,209.35
19-08-2016,286.77,209.31
22-08-2016,285.74,208.34
23-08-2016,285.35,208.22
24-08-2016,286.03,208.87
25-08-2016,285.04,207.51
26-08-2016,284.9,207.21
29-08-2016,284.5,207.95
30-08-2016,286.13,210.95
31-08-2016,286.47,211.84
01-09-2016,285.48,211.54
02-09-2016,285.97,212.35
06-09-2016,288.33,215.6
07-09-2016,289.08,215.18
08-09-2016,289.51,216.01
09-09-2016,288.26,213.96
12-09-2016,286.71,209.92
14-09-2016,286.71,210.5
15-09-2016,286.31,210.66
16-09-2016,286.63,211.5
19-09-2016,287.2,212.18
20-09-2016,287.47,211.53
21-09-2016,287.23,211.53
22-09-2016,288.55,213.8
23-09-2016,288.61,213.12
26-09-2016,287.76,210.8
27-09-2016,287.07,210.43
28-09-2016,287.08,211.45
29-09-2016,285.85,207.12
30-09-2016,285.43,208.16
03-10-2016,287.73,211.65
04-10-2016,288.22,212.51
05-10-2016,287.28,212.06
06-10-2016,286.53,211.34
07-10-2016,286.17,211.01
10-10-2016,287.98,211.17
13-10-2016,284.42,207.88
14-10-2016,284.73,208.23
17-10-2016,283.92,206.75
18-10-2016,285.92,210.55
19-10-2016,285.57,210.27
20-10-2016,285.71,211.13
21-10-2016,285.79,211.06
24-10-2016,285.3,211.29
25-10-2016,285.27,210.97
26-10-2016,284.43,209.08
27-10-2016,283.75,208.68
28-10-2016,285.42,209.62
01-11-2016,286.03,209.58
02-11-2016,285.26,206.67
03-11-2016,284.7,205.62
04-11-2016,283.5,204.15
07-11-2016,283.58,205.66
08-11-2016,283.58,206.72
09-11-2016,284.01,203.83
10-11-2016,285.45,206.26
11-11-2016,280.94,200.49
15-11-2016,275.24,195.26
16-11-2016,276.33,195.56
17-11-2016,275.05,194.93
18-11-2016,272.82,194.96
21-11-2016,273.28,191.22
22-11-2016,274.93,193.19
23-11-2016,275.31,194.26
24-11-2016,274.06,192.87
25-11-2016,274.6,196.39
28-11-2016,275.4,196.88
29-11-2016,275.68,197.22
30-11-2016,276.11,199.27
01-12-2016,274.7,198.31
02-12-2016,272.68,195.74
05-12-2016,272.88,196.88
06-12-2016,273.62,197.26
07-12-2016,272.69,196.39
08-12-2016,275.08,199.9
09-12-2016,274.38,200.1
12-12-2016,273.04,197.85
13-12-2016,272.77,198.73
14-12-2016,271.43,197.64
15-12-2016,270.77,197.01
16-12-2016,269.07,196.66
19-12-2016,269.19,195.74
20-12-2016,268.48,195.03
21-12-2016,267.26,194.59
22-12-2016,266.24,192.38
23-12-2016,265.85,192.37
26-12-2016,264.9,190.25
27-12-2016,267.24,193.34
28-12-2016,268.32,193.52
29-12-2016,269.29,195.28
30-12-2016,271.15,197.29
02-01-2017,271.6,197.45
03-01-2017,271.42,197.97
04-01-2017,272.92,197.89
05-01-2017,274.43,200.1
06-01-2017,274.58,199.42
09-01-2017,274.92,199.28
10-01-2017,276.02,200.68
11-01-2017,277.84,202.96
12-01-2017,279.31,203.61
13-01-2017,279.36,203.51
16-01-2017,280.27,203.98
17-01-2017,280.47,203.66
18-01-2017,281.15,204.26
19-01-2017,280.93,204.72
20-01-2017,279.68,202.48
23-01-2017,280.25,203.63
24-01-2017,281.3,205.69
25-01-2017,282.5,208.72
27-01-2017,282.02,209.68
30-01-2017,281.42,209.71
31-01-2017,281.58,207.71
01-02-2017,283.94,211.56
02-02-2017,284.97,212.15
03-02-2017,284.5,212.33
06-02-2017,285.84,213.94
07-02-2017,287.18,213.16
08-02-2017,287.78,213.36
09-02-2017,287.56,213.56
10-02-2017,286.28,213.78
13-02-2017,285.87,214.02
14-02-2017,286.19,213.41
15-02-2017,284.52,211.6
16-02-2017,286.26,213.29
17-02-2017,287.76,214.42
20-02-2017,288.58,215.81
21-02-2017,288.33,216.7
22-02-2017,289.41,216.86
23-02-2017,288.91,216.99
27-02-2017,289.61,216.08
28-02-2017,289.73,215.85
01-03-2017,290.03,217.23
02-03-2017,288.65,215.77
03-03-2017,287.46,215.71
06-03-2017,288.67,217.25
07-03-2017,287.76,216.88
08-03-2017,285.8,216.3
09-03-2017,285.92,216.3
10-03-2017,285.5,216.38
14-03-2017,286.72,220.04
15-03-2017,285.51,220.23
16-03-2017,288.24,222.13
17-03-2017,288.3,222.25
20-03-2017,288.66,221.58
21-03-2017,288.7,221.27
22-03-2017,288.59,219.08
23-03-2017,289.85,220.58
24-03-2017,289.44,221.03
27-03-2017,289.5,219.61
28-03-2017,289.55,221.02
29-03-2017,289.83,221.91
30-03-2017,290.25,222.67
31-03-2017,289.79,222.82
03-04-2017,290.5,224.27
05-04-2017,292.22,225.19
06-04-2017,292.45,225.25
07-04-2017,292.98,223.94
10-04-2017,291.87,223.84
11-04-2017,293.06,225.18
12-04-2017,294.22,224.55
13-04-2017,294.64,223.42
17-04-2017,294.64,223.1
18-04-2017,293.43,222.01
19-04-2017,293.39,222.2
20-04-2017,293.98,223
21-04-2017,294.14,222.74
24-04-2017,294.57,225.06
25-04-2017,295.86,227.43
26-04-2017,295.43,228.28
27-04-2017,295.29,227.9
28-04-2017,295.33,227.18
02-05-2017,294.9,227.57
03-05-2017,294.59,227.51
04-05-2017,294.05,228.59
05-05-2017,293.16,226.55
08-05-2017,292.49,227.29
09-05-2017,293.16,227.64
10-05-2017,294.45,229.97
11-05-2017,294.02,230.34
12-05-2017,293.71,229.73
15-05-2017,294.73,230.95
16-05-2017,295.33,232.31
17-05-2017,296.03,232.38
18-05-2017,295.95,229.64
19-05-2017,295.15,229.4
22-05-2017,294.48,229.3
23-05-2017,294.09,227.75
24-05-2017,292.33,226.68
25-05-2017,293.44,230.09
26-05-2017,296.23,232.64
29-05-2017,295.81,232.49
30-05-2017,296.31,233.15
31-05-2017,296.32,233.24
01-06-2017,296.59,233.22
02-06-2017,296.81,234.21
05-06-2017,299.21,234.93
06-06-2017,298.74,233.89
07-06-2017,299.21,234.65
08-06-2017,299.21,234.43
09-06-2017,298.65,235
12-06-2017,297.98,233.87
13-06-2017,298.02,233.71
14-06-2017,297.53,233.83
15-06-2017,297.32,232.97
16-06-2017,297.24,233.27
19-06-2017,297.57,234.83
20-06-2017,297.5,234.8
21-06-2017,297.65,234.4
22-06-2017,297.33,234.06
23-06-2017,296.49,232.47
27-06-2017,294.99,230.9
28-06-2017,294.94,230.59
29-06-2017,294.43,230.87
30-06-2017,295.02,231.49
03-07-2017,295.79,233.88
04-07-2017,295.15,233.79
05-07-2017,295.51,234.57
06-07-2017,296.42,235.49
07-07-2017,296.05,235.31
10-07-2017,296.11,237.8
11-07-2017,296.27,237.86
12-07-2017,296.76,238.81
13-07-2017,297.96,240.68
14-07-2017,297.73,240.58
17-07-2017,298.84,241.24
18-07-2017,298.34,239.18
19-07-2017,299.72,241.17
20-07-2017,299.24,240.48
21-07-2017,300.05,241.44
24-07-2017,301.22,242.53
25-07-2017,301.21,242.6
26-07-2017,301.02,243.78
27-07-2017,301.7,243.57
28-07-2017,301.27,243.69
31-07-2017,302.36,245.2
01-08-2017,302.4,245.9
02-08-2017,302.06,245.02
03-08-2017,301.3,243.71
04-08-2017,303.48,245.25
07-08-2017,303.26,245.58
08-08-2017,302.19,243.48
09-08-2017,301.49,241.35
10-08-2017,299.47,238.51
11-08-2017,299.67,236.24
14-08-2017,300.96,238.76
16-08-2017,301.44,241.25
17-08-2017,302.72,241.37
18-08-2017,302.53,239.91
21-08-2017,300.4,237.6
22-08-2017,300.03,237.64
23-08-2017,301.3,239.92
24-08-2017,302.18,240.34
28-08-2017,303.86,241.86
29-08-2017,304.38,239.05
30-08-2017,305.13,241.44
31-08-2017,305.07,242.11
01-09-2017,307.15,243.66
04-09-2017,307.56,242.18
05-09-2017,307.83,243.2
06-09-2017,308.52,242.51
07-09-2017,308.58,243.08
08-09-2017,308.67,242.9
11-09-2017,309.08,244.66
12-09-2017,309.45,246.8
13-09-2017,309.45,246.38
14-09-2017,309.14,246.67
15-09-2017,309.5,246.54
18-09-2017,309.34,248.08
19-09-2017,309.58,248.08
20-09-2017,309.8,247.83
21-09-2017,308.39,247.18
22-09-2017,306.24,242.92
25-09-2017,304.93,240.53
26-09-2017,305.95,240.6
27-09-2017,303.69,237.11
28-09-2017,303.47,237.9
29-09-2017,303.82,238.75
03-10-2017,304.77,240.58
04-10-2017,304.96,241.81
05-10-2017,304.66,241.38
06-10-2017,305.72,243.55
09-10-2017,306.72,243.79
10-10-2017,307.36,244.59
11-10-2017,307.1,243.69
12-10-2017,308.9,246.41
13-10-2017,309.91,247.95
16-10-2017,310.28,249.37
17-10-2017,309.92,249.62
18-10-2017,309.02,249.07
23-10-2017,308.66,248.5
24-10-2017,308.47,248.89
25-10-2017,309.48,251.18
26-10-2017,310.1,252.32
27-10-2017,309.71,252.17
30-10-2017,310.79,253.44
31-10-2017,310.73,252.8
01-11-2017,312.02,255.32
02-11-2017,311.98,255.12
03-11-2017,312.15,255.76
06-11-2017,312.06,256.03
07-11-2017,311.51,253.31
08-11-2017,310.62,252.02
09-11-2017,311.05,252.4
10-11-2017,311.62,252.53
13-11-2017,310.79,250.25
14-11-2017,310.05,249.34
15-11-2017,309.38,247.48
16-11-2017,309.85,249.92
17-11-2017,311.31,251.87
20-11-2017,312.45,252.22
21-11-2017,311.67,252.87
22-11-2017,311.65,253.14
23-11-2017,312.09,253.26
24-11-2017,312.58,254.27
27-11-2017,312.61,254.57
28-11-2017,312.51,254.02
29-11-2017,312.45,253.83
30-11-2017,310.73,250.68
01-12-2017,309.24,248.12
04-12-2017,308.68,248.27
05-12-2017,308.88,248.1
06-12-2017,307.48,246.18
07-12-2017,308.64,249.36
08-12-2017,308.6,251.79
11-12-2017,309.1,253.08
12-12-2017,308.16,250.98
13-12-2017,306.73,249.62
14-12-2017,307.8,250.86
15-12-2017,308.46,252.87
18-12-2017,309.31,254.38
19-12-2017,311.03,256.49
20-12-2017,311.08,256.12
21-12-2017,311.42,256.22
22-12-2017,312.21,257.5
26-12-2017,313.57,258.48
27-12-2017,313.91,257.44
28-12-2017,314.42,257.18
29-12-2017,314.68,258.55
01-01-2018,315.35,256.49
02-01-2018,314.87,256.53
03-01-2018,315.22,256.78
04-01-2018,315.97,258.48
05-01-2018,317.05,260.11
08-01-2018,317.9,261.74
09-01-2018,318.24,261.84
10-01-2018,318.12,261.66
11-01-2018,318.41,262.02
12-01-2018,319.35,262.64
15-01-2018,320.61,263.79
16-01-2018,319.87,262.26
17-01-2018,320.37,264.38
18-01-2018,318.87,264.42
19-01-2018,320.07,266.33
22-01-2018,320.99,268.11
23-01-2018,322.33,270.82
24-01-2018,322.69,270.61
25-01-2018,322.79,269.7
29-01-2018,321.98,270.8
30-01-2018,321.14,268.89
31-01-2018,320.38,268.16
01-02-2018,320.67,267.96
02-02-2018,319.21,261.52
05-02-2018,317.64,259.46
06-02-2018,317.01,255.41
07-02-2018,316.13,255.24
08-02-2018,316.09,257.93
09-02-2018,315.79,255.28
12-02-2018,317.5,257.61
14-02-2018,317.75,256.74
15-02-2018,319.22,257.3
16-02-2018,318.82,254.93
19-02-2018,317.57,252.98
20-02-2018,317.36,252.78
21-02-2018,316.51,253.38
22-02-2018,315.94,252.72
23-02-2018,317.41,255.55
26-02-2018,318.76,257.81
27-02-2018,318.42,257.08
28-02-2018,317.44,255.64
01-03-2018,316.39,254.66
05-03-2018,316.38,252.18
06-03-2018,314.85,249.56
07-03-2018,314.4,247.16
08-03-2018,314.37,248.97
09-03-2018,313.97,248.65
12-03-2018,315.21,252.96
13-03-2018,315.56,253.53
14-03-2018,316.19,253.25
15-03-2018,315.69,252.22
16-03-2018,314.2,248.45
19-03-2018,312.41,245.81
20-03-2018,313.24,246.62
21-03-2018,313.4,247.41
22-03-2018,313.96,246.43
23-03-2018,313.98,243.78
26-03-2018,315.07,247.07
27-03-2018,316.14,248.46
28-03-2018,315.37,246.62
02-04-2018,316.6,249.39
03-04-2018,317.53,250.52
04-04-2018,317.31,247.69
05-04-2018,317.31,252.46
06-04-2018,317.3,253.02
09-04-2018,318.51,254.02
10-04-2018,319.39,254.44
11-04-2018,320.69,254.81
12-04-2018,321.35,255.61
13-04-2018,320.7,256.06
16-04-2018,322.51,257.23
17-04-2018,322.78,257.72
18-04-2018,323.26,257.22
19-04-2018,323.5,258.31
20-04-2018,322.83,258.12
23-04-2018,323.19,258.74
24-04-2018,322.99,259.43
25-04-2018,323.46,258.44
26-04-2018,323.22,259.34
27-04-2018,323.57,261.14
30-04-2018,323.66,262.33
02-05-2018,322.65,261.39
03-05-2018,321.78,260.1
04-05-2018,321.58,258.58
07-05-2018,322.97,260.9
08-05-2018,322.47,260.83
09-05-2018,322.68,261.14
10-05-2018,323.27,260.14
11-05-2018,323.88,262.01
14-05-2018,323.79,261.82
15-05-2018,323.01,261.58
16-05-2018,320.95,260.28
17-05-2018,320.17,259.06
18-05-2018,319.52,256.74
21-05-2018,318.12,254.54
22-05-2018,319.62,255.44
23-05-2018,319.12,253.03
24-05-2018,319.7,254.83
25-05-2018,320.5,257.35
28-05-2018,321.35,259.69
29-05-2018,322.35,258.51
30-05-2018,321.38,258
31-05-2018,321.94,260.41
01-06-2018,320.56,259.23
04-06-2018,319.04,257.49
05-06-2018,318.35,256.38
06-06-2018,319.38,258.83
07-06-2018,321.07,261.06
08-06-2018,322.03,261.21
11-06-2018,321.78,261.63
12-06-2018,322.06,263.06
13-06-2018,322.28,263.28
14-06-2018,322.64,262.19
15-06-2018,322.64,262.11
18-06-2018,320.93,261.56
19-06-2018,320.49,259.42
20-06-2018,319.96,260.69
21-06-2018,318.78,259.84
22-06-2018,319.5,261.72
25-06-2018,319.17,259.97
26-06-2018,318.5,260.17
27-06-2018,317.78,257.65
28-06-2018,316.84,255.49
29-06-2018,317.49,258.75
02-07-2018,317.11,257.25
03-07-2018,317.82,258.29
04-07-2018,318.33,259.68
05-07-2018,318.31,259.1
06-07-2018,319.19,259.78
09-07-2018,320.01,261.71
10-07-2018,320.3,264.05
11-07-2018,319.98,263.77
12-07-2018,319.32,265.25
13-07-2018,318.64,264.99
16-07-2018,318.03,262.46
17-07-2018,318.21,264.33
18-07-2018,316.09,263.35
19-07-2018,316,262.68
20-07-2018,316.75,263.98
23-07-2018,318.94,266.12
24-07-2018,319.83,268.06
25-07-2018,320.01,267.97
26-07-2018,320.24,269.05
27-07-2018,320.73,271.66
30-07-2018,321.79,272.9
31-07-2018,321.77,273.82
01-08-2018,322.12,273.72
02-08-2018,321.23,271.51
03-08-2018,321.82,274.17
06-08-2018,322.09,274.77
07-08-2018,322.03,274.8
08-08-2018,322.43,276.12
09-08-2018,322.48,276.7
10-08-2018,322.3,275.55
13-08-2018,322.12,273.6
14-08-2018,322.49,275.46
16-08-2018,321.18,274.15
17-08-2018,322.18,276.49
20-08-2018,323.17,278.63
21-08-2018,324.45,279.19
23-08-2018,324.69,279.64
24-08-2018,324.81,279.05
27-08-2018,327.32,282.19
28-08-2018,328.62,283.1
29-08-2018,328.77,282.4
30-08-2018,328.93,282.23
31-08-2018,329.78,282.51
03-09-2018,326.28,280.18
04-09-2018,326.41,277.7
05-09-2018,326.02,276.58
06-09-2018,327.91,278.09
07-09-2018,328.12,279.61
10-09-2018,327,275.8
11-09-2018,325.48,271.97
12-09-2018,326.09,273.85
14-09-2018,327.21,277.53
17-09-2018,326.95,274.35
18-09-2018,326.3,271.75
19-09-2018,326,270.66
21-09-2018,323.94,268.02
24-09-2018,321.17,263.27
25-09-2018,322.18,265.67
26-09-2018,322,265.48
27-09-2018,320.57,263.29
28-09-2018,318.79,261.87
01-10-2018,319.88,263.54
03-10-2018,322.52,259.98
04-10-2018,319.58,254.06
05-10-2018,317.71,247.37
08-10-2018,316.84,247.69
09-10-2018,316.26,246.51
10-10-2018,318.33,250.85
11-10-2018,317.59,245.53
12-10-2018,320.39,251.16
15-10-2018,322.42,252.14
16-10-2018,322.2,254.1
17-10-2018,321.13,250.63
19-10-2018,320.86,247.23
22-10-2018,319.67,245.86
23-10-2018,319.41,243.4
24-10-2018,319.35,245.14
25-10-2018,318.5,242.61
26-10-2018,318.51,240.67
29-10-2018,319.72,246.02
30-10-2018,319.27,245.1
31-10-2018,321.22,249.59
01-11-2018,321.83,249.66
02-11-2018,322,253.78
05-11-2018,323.01,253.27
06-11-2018,322.68,253.21
09-11-2018,321.98,254.74
12-11-2018,319.71,252.19
13-11-2018,320.28,254.36
14-11-2018,320.17,254.27
15-11-2018,320.17,255.24
16-11-2018,320.25,256.74
19-11-2018,320.89,258.62
20-11-2018,320.18,255.96
21-11-2018,319.89,255.05
22-11-2018,319.44,253.28
26-11-2018,319.15,255.53
27-11-2018,319.1,256.68
28-11-2018,318.2,257.49
29-11-2018,319.79,260.45
30-11-2018,319.37,261.07
03-12-2018,320.92,261.33
04-12-2018,322.01,260.93
05-12-2018,320.24,258.64
06-12-2018,320.1,254.33
07-12-2018,320.25,256.41
10-12-2018,321.21,251.52
11-12-2018,322.44,253.29
12-12-2018,323.43,257.97
13-12-2018,323.44,259.44
14-12-2018,323.27,259.85
17-12-2018,323.84,261.86
18-12-2018,323.81,262.45
19-12-2018,324,264.16
20-12-2018,323.86,263.64
21-12-2018,322.96,259.04
24-12-2018,322.81,256.66
26-12-2018,323.77,258.17
27-12-2018,324.45,259.27
28-12-2018,325.54,261.29
31-12-2018,325.22,261.49
01-01-2019,325.96,262.4
02-01-2019,325.64,259.65
03-01-2019,325.57,256.89
04-01-2019,325.25,258.1
07-01-2019,324.97,259.02
08-01-2019,324.87,259.64
09-01-2019,325.89,260.74
10-01-2019,327.08,260.18
11-01-2019,326.48,259.51
14-01-2019,326.36,258.08
15-01-2019,327.39,261.44
16-01-2019,328.15,261.53
17-01-2019,328.62,261.82
18-01-2019,327.33,261.48
21-01-2019,327.39,262.51
22-01-2019,327.88,261.83
23-01-2019,327.32,259.72
24-01-2019,326.72,260.05
25-01-2019,326.42,258.15
28-01-2019,326.59,255.06
29-01-2019,327.5,254.9
30-01-2019,327.57,254.89
31-01-2019,329.28,258.82
01-02-2019,330.49,260.47
04-02-2019,330.48,260.56
05-02-2019,330.67,260.77
06-02-2019,331.96,263.75
07-02-2019,330.99,264.29
08-02-2019,329.56,261.11
11-02-2019,329.39,259.61
12-02-2019,328.4,258.23
13-02-2019,327.74,257.11
14-02-2019,327.88,256.27
15-02-2019,328.19,255.27
18-02-2019,328.6,253.28
19-02-2019,328.91,252.57
20-02-2019,330.55,255.72
21-02-2019,329.97,257.14
22-02-2019,329.46,257.43
25-02-2019,330.37,259.41
26-02-2019,330.21,258.47
27-02-2019,330.24,258
28-02-2019,330.3,257.96
01-03-2019,329.01,259.85
05-03-2019,327.72,263.07
06-03-2019,328.51,264.69
07-03-2019,327.66,264.64
08-03-2019,328.25,264.2
11-03-2019,330.01,267.74
12-03-2019,330.22,270.67
13-03-2019,331.18,271.31
14-03-2019,330.1,271.21
15-03-2019,330.69,272.9
18-03-2019,329.78,273.72
19-03-2019,331.3,275.29
20-03-2019,330.27,274.93
22-03-2019,330.86,273.34
25-03-2019,329.82,270.78
26-03-2019,330.81,273.79
27-03-2019,330.73,272.92
28-03-2019,331.06,275.83
29-03-2019,331.14,277.47
01-04-2019,331.27,278.5
02-04-2019,330.55,279.17
03-04-2019,330.04,277.6
04-04-2019,330.38,276.63
05-04-2019,330.77,278.2
08-04-2019,331.77,276.79
09-04-2019,331.71,278.33
10-04-2019,331.67,276.41
11-04-2019,331.54,276.79
12-04-2019,331.79,277.91
15-04-2019,331.62,279.06
16-04-2019,332.45,281.26
18-04-2019,331.45,280.4
22-04-2019,330.08,276.46
23-04-2019,329.68,276.03
24-04-2019,330.43,279.37
25-04-2019,331.23,277.43
26-04-2019,331.5,279.77
30-04-2019,331.08,279.48
02-05-2019,329.4,278.8
03-05-2019,328.84,278.39
06-05-2019,328.36,275.58
07-05-2019,327.87,273.26
08-05-2019,326.88,269.98
09-05-2019,326.53,268.69
10-05-2019,326.09,268.12
13-05-2019,325.41,264.78
14-05-2019,327.05,266.38
15-05-2019,326.75,264.87
16-05-2019,325.94,266.94
17-05-2019,326.72,270.33
20-05-2019,328.81,280.18
21-05-2019,328.16,277.41
22-05-2019,327.96,277.99
23-05-2019,328.39,276.45
24-05-2019,330.67,281.13
27-05-2019,331.59,282.99
28-05-2019,332.08,283.22
29-05-2019,331.85,281.55
30-05-2019,331.51,283.34
31-05-2019,333.16,283.1
03-06-2019,335.19,286.93
04-06-2019,335.32,285.32
06-06-2019,334.87,280.86
07-06-2019,334.76,281.43
10-06-2019,334.73,282.6
11-06-2019,333.99,283.7
12-06-2019,333.95,282.18
13-06-2019,334.21,282.32
14-06-2019,335.58,280.07
17-06-2019,332.64,276.39
18-06-2019,333.25,276.83
19-06-2019,332.7,276.62
20-06-2019,337.5,280.11
21-06-2019,337.25,277.79
24-06-2019,338.34,277.33
25-06-2019,340.72,279.42
26-06-2019,338.85,280.76
27-06-2019,338.93,280.82
28-06-2019,339.56,279.66
01-07-2019,338.53,281.44
02-07-2019,339.25,282.47
03-07-2019,341.31,282.79
04-07-2019,340.88,283.49
05-07-2019,340.89,280.18
08-07-2019,338.54,274.21
09-07-2019,337.68,274.34
10-07-2019,337.57,272.88
11-07-2019,340.25,274.87
12-07-2019,339.25,274.31
15-07-2019,340.1,275.2
16-07-2019,341.33,277.1
17-07-2019,341.24,277.69
18-07-2019,342.36,275.41
19-07-2019,341.29,271.12
22-07-2019,339.66,269.64
23-07-2019,339.18,269.17
24-07-2019,338.27,267.38
25-07-2019,338.6,267.19
26-07-2019,338.71,268.19
29-07-2019,337.41,265.75
30-07-2019,336.65,263.13
31-07-2019,336.58,264.11
01-08-2019,334.66,260.8
02-08-2019,337.95,261.26
05-08-2019,339.81,258.19
06-08-2019,341.4,260.29
07-08-2019,342.57,258.21
08-08-2019,343.91,262.29
09-08-2019,345.32,264.13
13-08-2019,345.46,259.54
14-08-2019,344.39,262.05
16-08-2019,345.27,262.54
19-08-2019,345.49,262.64
20-08-2019,345.64,261.62
21-08-2019,343.78,259.18
22-08-2019,343.24,255.06
23-08-2019,343.7,257.16
26-08-2019,349.17,262.49
27-08-2019,350.03,263.93
28-08-2019,350.34,262.54
29-08-2019,350.31,260.53
30-08-2019,349.46,262.55
03-09-2019,350.02,257.14
04-09-2019,350.55,258.06
05-09-2019,350.73,258.31
06-09-2019,347.47,260.5
09-09-2019,348.56,261.79
11-09-2019,347.72,262.7
12-09-2019,346.82,261.57
13-09-2019,347.38,263.73
16-09-2019,347.61,262.19
17-09-2019,346.32,257.76
18-09-2019,345.5,258.45
19-09-2019,343.39,255.34
20-09-2019,349.46,269.07
23-09-2019,353.09,276.46
24-09-2019,353.05,276.26
25-09-2019,352.69,272.59
26-09-2019,352.38,275.72
27-09-2019,352.49,274.52
30-09-2019,351.4,273.33
01-10-2019,349,270.61
03-10-2019,350.75,269.37
04-10-2019,350.24,266.04
07-10-2019,348.91,264.53
09-10-2019,350.96,268.87
10-10-2019,350.58,267.02
11-10-2019,350.73,268.62
14-10-2019,351.61,269.63
15-10-2019,352.91,271.71
16-10-2019,352.97,272.75
17-10-2019,354.64,275.81
18-10-2019,355.83,277.87
22-10-2019,355.76,276.55
23-10-2019,356.51,276.84
24-10-2019,355.69,276.28
25-10-2019,356.63,276.18
29-10-2019,357.32,281.07
30-10-2019,357.91,282.51
31-10-2019,359.52,283.31
01-11-2019,360.55,283.56
04-11-2019,360.49,284.53
05-11-2019,359.27,283.76
06-11-2019,359.37,284.89
07-11-2019,359.29,286.04
08-11-2019,357.44,283.49
11-11-2019,358.08,283.69
13-11-2019,358.43,281.98
14-11-2019,358.06,282.46
15-11-2019,357.2,282.97
18-11-2019,356.72,282.69
19-11-2019,357.65,283.72
20-11-2019,358.76,285.17
21-11-2019,357.7,284.38
22-11-2019,357.5,283.17
25-11-2019,358.13,286.97
26-11-2019,357.44,285.98
27-11-2019,357.69,287.56
28-11-2019,358.81,288.99
29-11-2019,358.28,286.73
02-12-2019,358.58,286.56
03-12-2019,358.07,285.16
04-12-2019,359.24,286.22
05-12-2019,358.32,285.41
06-12-2019,357.08,283.02
09-12-2019,355.43,283.22
10-12-2019,354.52,281.16
11-12-2019,355.25,282.43
12-12-2019,356.11,283.99
13-12-2019,356.64,286.74
16-12-2019,357.18,285.85
17-12-2019,357.95,288.3
18-12-2019,358.73,289.6
19-12-2019,359.33,290.53
20-12-2019,359.82,290.99
23-12-2019,360.07,290.79
24-12-2019,360.2,289.78
26-12-2019,360.33,287.83
27-12-2019,361.87,290.55
30-12-2019,362.67,290.77
31-12-2019,362.14,288.74
01-01-2020,361.82,289
02-01-2020,362.79,291.39
03-01-2020,366.58,290.17
06-01-2020,367.13,284.57
07-01-2020,365.33,286.08
08-01-2020,367.33,285.53
09-01-2020,365.37,289.96
10-01-2020,365.31,290.9
13-01-2020,365.35,292.71
14-01-2020,365.73,293.46
15-01-2020,367.24,293.24
16-01-2020,367.47,293.51
17-01-2020,367.37,293.53
20-01-2020,367.22,290.51
21-01-2020,366.2,289.2
22-01-2020,366.46,287.87
23-01-2020,367.39,289.8
24-01-2020,369.5,291.54
27-01-2020,369.94,288.62
28-01-2020,368.94,287.22
29-01-2020,369.26,288.95
30-01-2020,368.57,286.33
31-01-2020,367.43,284.48
01-02-2020,365.28,-
03-02-2020,364.11,278.21
04-02-2020,365.31,284.58
05-02-2020,366.14,287.43
06-02-2020,368.41,288.88
07-02-2020,369.04,288.3
10-02-2020,369.85,286.8
11-02-2020,369.44,288.23
12-02-2020,369.55,290.15
13-02-2020,370.23,289.54
14-02-2020,368.53,287.86
17-02-2020,367.72,286.01
18-02-2020,367.95,284.76
19-02-2020,372.49,288.28
20-02-2020,372.99,287.41
24-02-2020,377.18,281.42
25-02-2020,371.89,280.49
26-02-2020,370.45,277.5
27-02-2020,369.5,276.48
28-02-2020,364.96,266.34
02-03-2020,362.98,264.82
03-03-2020,365.56,269.04
04-03-2020,368.39,267.68
05-03-2020,368.92,268.26
06-03-2020,370.08,261.72
09-03-2020,363.82,249.09
11-03-2020,360.13,248.97
12-03-2020,349.42,228.16
13-03-2020,345.8,236.55
16-03-2020,337.83,219.29
17-03-2020,333.41,214.31
18-03-2020,331.45,202.6
19-03-2020,324.43,197.44
20-03-2020,332.37,208.34
23-03-2020,317.97,181.68
24-03-2020,323.69,185.88
25-03-2020,329.84,197.43
26-03-2020,332.49,205.52
27-03-2020,337.92,205.87
30-03-2020,342.53,197.83
31-03-2020,339.45,205.5
01-04-2020,338.12,197.8
03-04-2020,336.58,193.94
07-04-2020,345.74,210.29
08-04-2020,347.85,209.97
09-04-2020,353.82,218.48
13-04-2020,356.72,216.01
15-04-2020,358.81,214.85
16-04-2020,360.19,216.47
17-04-2020,361.17,222.5
20-04-2020,358.09,222.24
21-04-2020,356.94,215.96
22-04-2020,359.85,220.59
23-04-2020,361.05,223.28
24-04-2020,359.39,219.45
27-04-2020,360.63,222.7
28-04-2020,361.5,224.66
29-04-2020,362.72,228.55
30-04-2020,366.15,235.53
04-05-2020,360.38,222.51
05-05-2020,356.91,220.27
06-05-2020,356.64,221.91
07-05-2020,355.32,220.1
08-05-2020,357.16,221.45
11-05-2020,357.09,221.52
12-05-2020,356.97,220.59
13-05-2020,357.97,224.83
14-05-2020,358.08,219.67
15-05-2020,358.05,219.37
18-05-2020,355.95,211.93
19-05-2020,353.5,213.24
20-05-2020,357.1,217.69
21-05-2020,357,218.88
22-05-2020,356.61,217.17
26-05-2020,356.22,217
27-05-2020,356.07,222.93
28-05-2020,359.42,227.08
29-05-2020,361.43,229.7
01-06-2020,364.5,235.28
02-06-2020,366.03,238.65
03-06-2020,366.33,240.55
04-06-2020,365.89,240.02
05-06-2020,369.08,242.99
08-06-2020,368.31,243.52
09-06-2020,368.04,240.81
10-06-2020,369.11,242.23
11-06-2020,367.65,237.3
12-06-2020,368.56,239.09
15-06-2020,366.5,235.5
16-06-2020,367.97,237.65
17-06-2020,367.67,237.01
18-06-2020,369.34,241.44
19-06-2020,371.11,244.96
22-06-2020,374.03,247
23-06-2020,376.12,250.92
24-06-2020,375.74,247.13
25-06-2020,374.65,246.81
26-06-2020,375.23,248.8
29-06-2020,375.1,247.06
30-06-2020,375.12,246.82
01-07-2020,377.12,249.46
02-07-2020,375.83,252.22
03-07-2020,376.32,253.63
06-07-2020,378.2,257
07-07-2020,379.6,257.91
08-07-2020,380.45,255.86
09-07-2020,382.46,258.02
10-07-2020,381.69,257.01
13-07-2020,382.03,257.81
14-07-2020,379.67,253.45
15-07-2020,379.53,253.48
16-07-2020,380.15,256.07
17-07-2020,381.98,259.98
20-07-2020,383.9,262.65
21-07-2020,385.83,265.58
22-07-2020,387.52,264.77
23-07-2020,390.91,266.77
24-07-2020,391.51,265.91
27-07-2020,395.29,264.34
28-07-2020,395.82,268.04
29-07-2020,397.08,266.22
30-07-2020,396.53,264.34
31-07-2020,399.34,264.15
03-08-2020,398.44,260.22
04-08-2020,400.03,264.64
05-08-2020,404.16,264.75
06-08-2020,406.84,267.03
07-08-2020,408.4,267.41
10-08-2020,407.32,269.09
11-08-2020,403.61,269.99
12-08-2020,397.63,269.69
13-08-2020,399.61,269.7
14-08-2020,399.28,266.84
17-08-2020,399.17,268.38
18-08-2020,404.9,271.66
19-08-2020,403.52,272.19
20-08-2020,398.63,270.17
21-08-2020,399.61,271.51
24-08-2020,399.5,273.47
25-08-2020,397.9,273.62
26-08-2020,398.11,275.24
27-08-2020,399.38,275.6
28-08-2020,400.72,277.53
31-08-2020,396.37,270.57
01-09-2020,397.93,272.71
02-09-2020,397.99,274.45
03-09-2020,396.42,274.51
04-09-2020,394.5,269.84
07-09-2020,394.59,270.16
08-09-2020,393.87,269.14
09-09-2020,393.92,268.27
10-09-2020,396.75,272.14
11-09-2020,397.31,272.78
14-09-2020,396.81,272.23
15-09-2020,400.08,274.27
16-09-2020,400.31,276.14
17-09-2020,398.12,274.11
18-09-2020,399.41,273.97
21-09-2020,394.21,267.54
22-09-2020,389.6,265.13
23-09-2020,388.52,264.59
24-09-2020,382.86,257.07
25-09-2020,386.93,263.05
28-09-2020,388.5,267.5
29-09-2020,391.33,267.22
30-09-2020,391.8,267.97
01-10-2020,393.29,271.75
05-10-2020,394.16,273.62
06-10-2020,396.85,277.04
07-10-2020,395.47,278.53
08-10-2020,396.86,280.68
09-10-2020,398.69,282.22
12-10-2020,399.01,282.41
13-10-2020,398.84,282.33
14-10-2020,398.26,283.36
15-10-2020,395.63,276.74
16-10-2020,397.22,278.75
19-10-2020,398.74,281.33
20-10-2020,398.24,281.89
21-10-2020,399.35,282.65
22-10-2020,399.38,281.77
23-10-2020,399.26,282.58
26-10-2020,396.88,278.73
27-10-2020,399.2,281.77
28-10-2020,397.64,278.18
29-10-2020,396.48,277.13
30-10-2020,396.34,276.53
02-11-2020,397.3,277.21
03-11-2020,399.39,280.4
04-11-2020,400.78,282.6
05-11-2020,403.91,287.56
06-11-2020,406.97,290.65
09-11-2020,410.37,295.27
10-11-2020,406.49,298.52
11-11-2020,408.93,301.4
12-11-2020,409.35,300.42
13-11-2020,410.76,301.37
17-11-2020,413.68,305.05
18-11-2020,413.52,306.51
19-11-2020,411.46,302.79
20-11-2020,412.84,305.09
23-11-2020,414.5,306.83
24-11-2020,413.01,309.7
25-11-2020,410.78,305.03
26-11-2020,412.57,308.04
27-11-2020,412.85,307.86
01-12-2020,413.93,311.28
02-12-2020,416.23,311.72
03-12-2020,417.51,312.57
04-12-2020,418.73,315.3
07-12-2020,419.68,317.69
08-12-2020,421.66,318.44
09-12-2020,422.56,321.26
10-12-2020,420.88,320.38
11-12-2020,421.46,321.22
14-12-2020,422.34,322.29
15-12-2020,422.3,322.39
16-12-2020,424.96,324.99
17-12-2020,425.98,326.04
18-12-2020,426.88,326.51
21-12-2020,421.81,316.12
22-12-2020,422.6,319.56
23-12-2020,425.04,323.05
24-12-2020,426.53,326.26
28-12-2020,428.8,329.2
29-12-2020,429.04,330.39
30-12-2020,429.52,331.59
31-12-2020,430.05,331.64
01-01-2021,430.99,332.75
04-01-2021,434.77,335.79
05-01-2021,437.51,337.89
06-01-2021,438.42,336.7
07-01-2021,436.59,336.7
08-01-2021,436.65,341.61
11-01-2021,435.71,344.62
12-01-2021,437.2,346.11
13-01-2021,436.49,345.87
14-01-2021,435.76,346.72
15-01-2021,434.73,342.66
18-01-2021,430.47,338.69
19-01-2021,434.86,344.39
20-01-2021,438.16,347.19
21-01-2021,436.12,345.67
22-01-2021,433.74,340.8
25-01-2021,431.08,337.71
27-01-2021,427.63,331.53
28-01-2021,426.23,328.27
29-01-2021,423.64,323.47
01-02-2021,429.21,338.02
02-02-2021,432.07,346.47
03-02-2021,432.75,349.61
04-02-2021,433.4,352.51
05-02-2021,432.77,352.78
08-02-2021,435.43,357.23
09-02-2021,437.06,357.08
10-02-2021,437.19,357.2
11-02-2021,438.32,358.92
12-02-2021,437.16,358.83
15-02-2021,439.11,362.44
16-02-2021,439.55,362.6
17-02-2021,436.72,360.54
18-02-2021,436.62,358.92
19-02-2021,433.34,355.46
22-02-2021,431.07,348.4
23-02-2021,432.22,349.38
24-02-2021,434.58,355.28
25-02-2021,436.03,357.96
26-02-2021,430.11,345.22
01-03-2021,430.77,350.45
02-03-2021,432.06,354.49
03-03-2021,435,361.98
04-03-2021,432.99,358.66
05-03-2021,429.99,355.03
08-03-2021,430.13,355.32
09-03-2021,430.98,357.89
10-03-2021,431.99,359.75
12-03-2021,429.44,356.34
15-03-2021,429.71,354.01
16-03-2021,429.46,353.83
17-03-2021,427.37,349.02
18-03-2021,425.52,345.1
19-03-2021,427.4,349.45
22-03-2021,426.76,349.74
23-03-2021,428.56,351.92
24-03-2021,425.88,345.75
25-03-2021,422.7,340.11
26-03-2021,424.23,344.42
30-03-2021,425.74,351.54
31-03-2021,424.76,348.51
01-04-2021,430.42,352.88
05-04-2021,430.1,347.77
06-04-2021,431.54,349.19
07-04-2021,435.89,352.43
08-04-2021,437.35,353.9
09-04-2021,438.42,353.14
12-04-2021,432.97,340.1
13-04-2021,434.29,344.56
15-04-2021,435.74,346.44
16-04-2021,437.62,347.71
19-04-2021,438.53,341.58
20-04-2021,436.48,340.5
22-04-2021,438.74,342.79
23-04-2021,438.97,341.53
26-04-2021,438.38,344.71
27-04-2021,439.07,348.52
28-04-2021,438.17,353.15
29-04-2021,438.54,353.75
30-04-2021,437.13,348.12
03-05-2021,438.08,348.6
04-05-2021,437.52,345.6
05-05-2021,438.05,348.88
06-05-2021,440.41,351.36
07-05-2021,442.99,353.55
10-05-2021,445.5,356.5
11-05-2021,445.05,354.73
12-05-2021,444.82,351.63
14-05-2021,443.97,350.53
17-05-2021,447.42,356.2
18-05-2021,450.56,360.69
19-05-2021,450.62,359.46
20-05-2021,450.9,356.92
21-05-2021,452.11,362.66
24-05-2021,453.46,363.52
25-05-2021,452.79,363.53
26-05-2021,455.54,365.34
27-05-2021,455.07,366.33
28-05-2021,454.68,368.35
31-05-2021,457.56,371.84
01-06-2021,458.87,371.62
02-06-2021,459.48,372.63
03-06-2021,460.62,375.47
04-06-2021,459.16,375.31
07-06-2021,460.28,377.02
08-06-2021,461.41,376.99
09-06-2021,460.44,374.34
10-06-2021,461.33,377.09
11-06-2021,462.86,378.45
14-06-2021,459.98,378.46
15-06-2021,460.62,379.8
16-06-2021,459.78,377.18
17-06-2021,454.9,375.08
18-06-2021,452.67,374.59
21-06-2021,453.3,376.38
22-06-2021,454.27,377.22
23-06-2021,453.28,375.01
24-06-2021,452.92,376.85
25-06-2021,454.01,378.63
28-06-2021,453.19,377.88
29-06-2021,452.87,376.4
30-06-2021,451.42,375.63
01-07-2021,452.56,374.89
02-07-2021,453.7,375.57
05-07-2021,454.7,378.16
06-07-2021,456.37,377.87
07-07-2021,457.15,379.34
08-07-2021,456.66,376.16
09-07-2021,456.37,375.46
12-07-2021,456.22,375.54
13-07-2021,456.49,377.89
14-07-2021,457.1,378.73
15-07-2021,459.01,380.35
16-07-2021,459.06,380.63
19-07-2021,456.94,376.74
20-07-2021,455.72,373.9
22-07-2021,456.72,378.8
23-07-2021,457.12,379.38
26-07-2021,457.75,378.8
27-07-2021,456.56,376.84
28-07-2021,456.89,376.2
29-07-2021,458.14,377.65
30-07-2021,459.62,377.53
02-08-2021,459.92,380.51
03-08-2021,461.48,385.99
04-08-2021,461.68,388.22
05-08-2021,462.1,388.83
06-08-2021,461.43,387.8
09-08-2021,458.07,387.96
10-08-2021,456.86,388.2
11-08-2021,456.19,388.12
12-08-2021,458.57,389.98
13-08-2021,459.33,393.44
16-08-2021,460.85,394.19
17-08-2021,462.83,395.53
18-08-2021,462.99,394.91
20-08-2021,460.44,391.7
23-08-2021,460.45,392.43
24-08-2021,462.74,395.6
25-08-2021,462.43,396.12
26-08-2021,462.49,396.39
27-08-2021,464.37,398.49
30-08-2021,467.95,403.98
31-08-2021,470.12,408.9
01-09-2021,471.29,408.2
02-09-2021,472.64,411.99
03-09-2021,475.2,414.18
06-09-2021,476.44,415.2
07-09-2021,475.22,414.68
08-09-2021,474.97,414.86
09-09-2021,475.68,415.48
13-09-2021,475.84,415.38
14-09-2021,476.54,416.09
15-09-2021,478.4,419.17
16-09-2021,478.61,421.89
17-09-2021,476.59,420.47
20-09-2021,472.91,415.51
21-09-2021,475.2,419.37
22-09-2021,477.13,419.36
23-09-2021,478.52,425.67
24-09-2021,477.18,425.78
27-09-2021,476.51,425.67
28-09-2021,475.05,423.02
29-09-2021,474.36,421.91
30-09-2021,472.69,420.01
01-10-2021,473.46,418.44
04-10-2021,475.06,422.64
05-10-2021,476.35,425.6
06-10-2021,475.4,421.44
07-10-2021,476.84,425.02
08-10-2021,476.89,426.99
11-10-2021,477.7,428.34
12-10-2021,478.75,429.75
