Date,Equity & Gold,NIFTY 100
29-06-2007,100,100
02-07-2007,100.24,100
03-07-2007,100.89,100.98
04-07-2007,101,100.9
05-07-2007,100.27,100.7
06-07-2007,100.56,101.36
09-07-2007,101.66,102.24
10-07-2007,101.74,101.96
11-07-2007,101.94,101.71
12-07-2007,102.85,103.16
13-07-2007,103.86,104.34
16-07-2007,103.81,104.58
17-07-2007,103.4,104.17
18-07-2007,102.43,104.16
19-07-2007,104.84,105.44
20-07-2007,105.39,105.46
23-07-2007,105.93,106.7
24-07-2007,105.85,106.62
25-07-2007,105.69,105.84
26-07-2007,105.85,106.52
27-07-2007,103.06,102.54
30-07-2007,103.03,102.42
31-07-2007,103.81,104.41
01-08-2007,101.18,100.08
02-08-2007,101.22,100.38
03-08-2007,102.12,101.59
06-08-2007,101.46,100.19
07-08-2007,101.79,100.69
08-08-2007,103.63,103.08
09-08-2007,102.93,101.54
10-08-2007,100.8,100.01
13-08-2007,101.55,100.92
14-08-2007,101.87,100.78
16-08-2007,98.77,96.27
17-08-2007,97.46,94.7
20-08-2007,98.46,96.98
21-08-2007,97.25,93.83
22-08-2007,98.07,95.43
23-08-2007,97.95,94.58
24-08-2007,98.92,96.25
27-08-2007,100.8,98.93
28-08-2007,101.31,99.54
29-08-2007,101.84,100.39
30-08-2007,102.4,101.41
31-08-2007,103.57,102.76
03-09-2007,103.87,103.24
04-09-2007,104.28,103.42
05-09-2007,104.28,103.31
06-09-2007,104.92,104.33
07-09-2007,105.47,103.97
10-09-2007,105.55,104.04
11-09-2007,105.5,103.78
12-09-2007,105.59,103.91
13-09-2007,105.7,104.77
14-09-2007,105.34,104.33
17-09-2007,105.67,103.92
18-09-2007,106.48,105.13
19-09-2007,109.8,109.15
20-09-2007,110.13,109.5
21-09-2007,111.38,111.39
24-09-2007,113.52,113.65
25-09-2007,112.38,113.75
26-09-2007,112.72,113.88
27-09-2007,113.46,115
28-09-2007,114.6,115.77
01-10-2007,115.52,117.04
03-10-2007,117.16,120
04-10-2007,116.64,119.82
05-10-2007,116.91,118.95
08-10-2007,115.01,116.37
09-10-2007,118.73,121.82
10-10-2007,121.26,124.48
11-10-2007,122.56,126.42
12-10-2007,121.12,124.18
15-10-2007,125,129.37
16-10-2007,125.19,129.4
17-10-2007,123.71,126.63
18-10-2007,120.75,121.86
19-10-2007,119.09,118.48
22-10-2007,118.36,117.94
23-10-2007,122.72,124.73
24-10-2007,123.06,125.32
25-10-2007,124.37,126.85
26-10-2007,126.52,130.04
29-10-2007,130.72,134.29
30-10-2007,129.99,133.86
31-10-2007,130.14,134.59
01-11-2007,130.68,133.62
02-11-2007,130.92,135.15
05-11-2007,130.37,133.46
06-11-2007,129.9,132.03
07-11-2007,130.66,131.89
08-11-2007,128.92,130.28
12-11-2007,127.61,128.4
13-11-2007,128.42,130.37
14-11-2007,131.74,135.66
15-11-2007,131.81,135.42
16-11-2007,131.04,135.5
19-11-2007,131.1,136.28
20-11-2007,128.91,133.44
21-11-2007,126.2,128.09
22-11-2007,125.46,127.31
23-11-2007,127.3,129.27
26-11-2007,129.92,131.98
27-11-2007,128.75,131.47
28-11-2007,127.03,129.76
29-11-2007,128.1,129.94
30-11-2007,129.36,133.12
03-12-2007,130.35,135.64
04-12-2007,130.43,135.68
05-12-2007,131.93,137.59
06-12-2007,131.59,137.73
07-12-2007,132.03,138.16
10-12-2007,131.91,137.98
11-12-2007,133.96,140.79
12-12-2007,134.98,142.23
13-12-2007,134.02,140.33
14-12-2007,133.24,140.22
17-12-2007,129.23,133.88
18-12-2007,128.72,133.16
19-12-2007,129.16,133.32
20-12-2007,129.53,133.58
24-12-2007,132.27,138.34
26-12-2007,134.04,140.58
27-12-2007,135.06,140.52
28-12-2007,135.64,140.98
31-12-2007,136.63,142.35
01-01-2008,136.54,142.73
02-01-2008,136.96,143.9
03-01-2008,137.51,144
04-01-2008,139.35,146.04
07-01-2008,139.32,146.05
08-01-2008,139.63,145.74
09-01-2008,141.03,145.63
10-01-2008,137.08,142.54
11-01-2008,138.78,143.52
14-01-2008,141.21,144.22
15-01-2008,138.26,141.18
16-01-2008,136.47,138.06
17-01-2008,136.26,137.52
18-01-2008,134.07,132.11
21-01-2008,125.11,119.88
22-01-2008,118.43,112.63
23-01-2008,124.02,120.02
24-01-2008,122.23,116.09
25-01-2008,128.14,124.39
28-01-2008,126.29,122.23
29-01-2008,126.85,122.14
30-01-2008,125.95,119.35
31-01-2008,125.78,118.57
01-02-2008,128.12,122.26
04-02-2008,130,125.68
05-02-2008,129.5,126.17
06-02-2008,127.44,122.58
07-02-2008,125.08,118.21
08-02-2008,125.44,117.55
11-02-2008,121.96,111.46
12-02-2008,120.79,111.02
13-02-2008,121.76,112.87
14-02-2008,125.71,119.16
15-02-2008,127.24,121.46
18-02-2008,127.31,121.01
19-02-2008,127.55,121.12
20-02-2008,126.79,118.13
21-02-2008,127.43,118.93
22-02-2008,127.07,117.04
25-02-2008,128.41,118.9
26-02-2008,128.55,120.54
27-02-2008,129.42,120.55
28-02-2008,129.34,120.62
29-02-2008,128.85,119.38
03-03-2008,127.89,113.06
04-03-2008,126.27,110.78
05-03-2008,126.81,111.71
07-03-2008,124.87,108.02
10-03-2008,124.06,108.58
11-03-2008,125.37,110.54
12-03-2008,124.94,110.61
13-03-2008,122.58,104.69
14-03-2008,124.15,107.46
17-03-2008,123.11,101.57
18-03-2008,122.22,101.96
19-03-2008,121.52,102.68
24-03-2008,117.5,103.21
25-03-2008,121.95,109.55
26-03-2008,122.26,108.75
27-03-2008,122.33,108.68
28-03-2008,124.13,111.43
31-03-2008,121.29,106.8
01-04-2008,119.41,106.75
02-04-2008,119.69,107.18
03-04-2008,120.2,107.5
04-04-2008,118.3,104.73
07-04-2008,120.06,107.34
08-04-2008,119.85,106.32
09-04-2008,119.58,107.3
10-04-2008,120.31,106.94
11-04-2008,120.89,107.88
15-04-2008,122.8,110.13
16-04-2008,123.22,110.45
17-04-2008,125.41,112.26
21-04-2008,125.35,114.16
22-04-2008,125.66,114.74
23-04-2008,124.98,114.11
24-04-2008,124.01,113.55
25-04-2008,125.49,115.96
28-04-2008,125.77,115.59
29-04-2008,127.08,117.99
30-04-2008,126.01,117.4
02-05-2008,126.74,118.97
05-05-2008,126.36,118.4
06-05-2008,125.96,117.14
07-05-2008,126.34,116.79
08-05-2008,125.14,115.38
09-05-2008,124.3,112.89
12-05-2008,124.29,113.47
13-05-2008,123.76,112.42
14-05-2008,124.39,113.62
15-05-2008,126.17,115.93
16-05-2008,127.76,116.95
20-05-2008,127.75,115.69
21-05-2008,129.04,115.95
22-05-2008,127.71,113.81
23-05-2008,126.47,111.97
26-05-2008,124.65,110.04
27-05-2008,124.88,109.49
28-05-2008,124.64,110.94
29-05-2008,123.57,109.2
30-05-2008,123.07,109.9
02-06-2008,121.07,106.84
03-06-2008,120.76,106.3
04-06-2008,118.22,103.21
05-06-2008,119.5,105.27
06-06-2008,119.15,104.13
09-06-2008,117.69,101.12
10-06-2008,115.85,99.89
11-06-2008,116.73,101.6
12-06-2008,117.39,101.98
13-06-2008,116.77,101.52
16-06-2008,117.35,102.75
17-06-2008,119.48,104.81
18-06-2008,118.13,103.16
19-06-2008,117.22,101.29
20-06-2008,115.16,97.68
23-06-2008,113.48,95.51
24-06-2008,111.66,93.87
25-06-2008,112.67,95.23
26-06-2008,113.54,96.39
27-06-2008,112.35,92.41
30-06-2008,111.56,90.06
01-07-2008,108.81,86.67
02-07-2008,111.92,91.16
03-07-2008,109.44,87.35
04-07-2008,110.39,89.55
07-07-2008,110.58,90.1
08-07-2008,109.93,89.32
09-07-2008,113.08,93.21
10-07-2008,113.44,93.29
11-07-2008,111.79,90.63
14-07-2008,111.76,90.33
15-07-2008,109.78,86.37
16-07-2008,108.23,85.31
17-07-2008,109.93,88.2
18-07-2008,112.51,91.37
21-07-2008,114.3,92.74
22-07-2008,115.95,94.71
23-07-2008,118.82,100.28
24-07-2008,117.91,99.35
25-07-2008,116.09,96.75
28-07-2008,115.95,97.22
29-07-2008,113.71,93.75
30-07-2008,115.58,96.67
31-07-2008,116.28,97.06
01-08-2008,117.02,99.06
04-08-2008,116.53,98.89
05-08-2008,117.67,101.47
06-08-2008,118.77,101.56
07-08-2008,118.08,101.73
08-08-2008,118.01,101.88
11-08-2008,119.26,104
12-08-2008,118.34,102.41
13-08-2008,117.69,101.82
14-08-2008,116.07,99.41
18-08-2008,114.88,98.5
19-08-2008,114.44,97.92
20-08-2008,115.25,98.98
21-08-2008,113.59,96.04
22-08-2008,113.85,96.99
25-08-2008,114.02,97.21
26-08-2008,113.64,97.29
27-08-2008,113.3,96.28
28-08-2008,111.98,94.66
29-08-2008,114.26,97.97
01-09-2008,114.38,97.7
02-09-2008,116.46,101.21
04-09-2008,115.66,100.03
05-09-2008,114.18,97.76
08-09-2008,116.56,100.53
09-09-2008,116.15,100.13
10-09-2008,114.39,98.67
11-09-2008,112.03,96.38
12-09-2008,110.17,94.87
15-09-2008,107.42,91.22
16-09-2008,108.15,91.26
17-09-2008,106.64,89.59
18-09-2008,109.03,90.14
19-09-2008,112.82,94.69
22-09-2008,112.77,94.17
23-09-2008,111.1,91.99
24-09-2008,111.72,92.74
25-09-2008,111.2,91.65
26-09-2008,108.98,88.84
29-09-2008,106.77,85.69
30-09-2008,107.72,87.37
01-10-2008,108.22,88.06
03-10-2008,105.28,85.08
06-10-2008,101.52,80.19
07-10-2008,102.75,80.11
08-10-2008,101.54,77.79
10-10-2008,98.08,72.4
13-10-2008,99.93,77.05
14-10-2008,100.12,77.8
15-10-2008,97.02,73.8
16-10-2008,95.65,72.44
17-10-2008,91.22,68.37
20-10-2008,92.04,69.38
21-10-2008,93.52,71.9
22-10-2008,89.55,68.29
23-10-2008,86.51,65.61
24-10-2008,79.82,57.82
27-10-2008,77.7,56.22
29-10-2008,82.17,59.92
31-10-2008,84.05,63.98
03-11-2008,87.4,67.46
04-11-2008,88.75,69.84
05-11-2008,86.58,66.77
06-11-2008,84.31,64.57
07-11-2008,86.49,66.29
10-11-2008,89.8,70.1
11-11-2008,85.89,65.59
12-11-2008,84.5,63.62
14-11-2008,83.55,62.72
17-11-2008,83.63,62.21
18-11-2008,81.7,59.72
19-11-2008,80.85,58.54
20-11-2008,79.81,56.66
21-11-2008,82.48,59.4
24-11-2008,84.12,59.63
25-11-2008,83.86,58.52
26-11-2008,85.34,60.51
27-11-2008,85.34,60.51
28-11-2008,85.19,60.6
01-12-2008,83.98,59.13
02-12-2008,82.63,58.66
03-12-2008,83.07,58.82
04-12-2008,84.99,61.73
05-12-2008,83.14,60.19
08-12-2008,85.09,61.59
10-12-2008,87.63,64.63
11-12-2008,88.17,64.64
12-12-2008,88.17,64.74
15-12-2008,89.11,66.04
16-12-2008,90.57,67.41
17-12-2008,88.98,65.43
18-12-2008,91.59,67.82
19-12-2008,91.32,68.29
22-12-2008,90.64,67.51
23-12-2008,89.38,65.81
24-12-2008,88.51,64.81
26-12-2008,87.21,63.51
29-12-2008,89.72,65.01
30-12-2008,90.29,66.32
31-12-2008,90.04,65.93
01-01-2009,92.02,67.58
02-01-2009,92.18,68.04
05-01-2009,93.13,69.79
06-01-2009,92.68,69.66
07-01-2009,89.11,65.16
09-01-2009,88.08,63.98
12-01-2009,85.74,61.9
13-01-2009,85.04,61.2
14-01-2009,87,63.22
15-01-2009,84.89,61.06
16-01-2009,87.01,62.93
19-01-2009,87.15,63.3
20-01-2009,86.79,62.27
21-01-2009,85.88,60.33
22-01-2009,85.29,60.38
23-01-2009,85.29,59.41
27-01-2009,86.79,61.32
28-01-2009,88.07,63.02
29-01-2009,87.41,62.51
30-01-2009,90.12,63.66
02-02-2009,88.39,61.34
03-02-2009,88.42,61.58
04-02-2009,87.83,61.97
05-02-2009,87.89,61.48
06-02-2009,89.25,62.87
09-02-2009,90.61,64.58
10-02-2009,91.01,64.91
11-02-2009,91.39,64.72
12-02-2009,91.38,64.02
13-02-2009,92.71,65.23
16-02-2009,90.21,63.03
17-02-2009,89.91,61.3
18-02-2009,91.51,61.38
19-02-2009,91.47,61.67
20-02-2009,89.91,60.51
24-02-2009,89.94,60.33
25-02-2009,89.89,60.97
26-02-2009,89.9,61.42
27-02-2009,90.16,61.03
02-03-2009,88.91,59.06
03-03-2009,87.56,57.93
04-03-2009,87.62,58.37
05-03-2009,85.58,56.84
06-03-2009,87.69,57.69
09-03-2009,86.82,56.6
12-03-2009,87.09,57.55
13-03-2009,88.9,59.83
16-03-2009,90.18,61.17
17-03-2009,89.46,60.75
18-03-2009,89.93,61.62
19-03-2009,90.24,61.91
20-03-2009,91.05,61.85
23-03-2009,93.79,64.71
24-03-2009,93.44,64.61
25-03-2009,93.95,65.69
26-03-2009,96.49,67.75
30-03-2009,94.06,65.69
31-03-2009,94.77,66.69
01-04-2009,95.98,67.55
02-04-2009,98.63,70.83
06-04-2009,98.34,71.99
08-04-2009,100.77,73.8
09-04-2009,100.46,73.98
13-04-2009,101.21,75.03
15-04-2009,103.83,77.41
16-04-2009,101.02,74.74
17-04-2009,100.94,75.24
20-04-2009,100.72,75.32
21-04-2009,101.22,75.01
22-04-2009,100.14,74.25
23-04-2009,102.69,76.3
24-04-2009,104.52,77.63
27-04-2009,104.27,77.33
28-04-2009,101.54,74.85
29-04-2009,103.66,77.29
30-04-2009,103.66,77.29
04-05-2009,107.24,81.19
05-05-2009,108.79,81.52
06-05-2009,107.73,80.56
07-05-2009,108.36,81.92
08-05-2009,106.9,80.58
11-05-2009,105.74,79.17
12-05-2009,108.63,81.84
13-05-2009,108.46,80.98
14-05-2009,107.21,80.35
15-05-2009,109.54,82.02
18-05-2009,121.48,96.2
19-05-2009,121.69,96.56
20-05-2009,120.63,96.16
21-05-2009,119.46,95.03
22-05-2009,120.73,95.68
25-05-2009,120.68,96
26-05-2009,118.53,93.17
27-05-2009,122.29,96.82
28-05-2009,122.84,97.99
29-05-2009,125.56,100.4
01-06-2009,127.72,102.45
02-06-2009,127.05,102.21
03-06-2009,127.65,102.51
04-06-2009,128.17,103.62
05-06-2009,128.86,103.95
08-06-2009,124.92,100.13
09-06-2009,127.18,103.15
10-06-2009,129.95,105.45
11-06-2009,129.76,105.07
12-06-2009,128.34,103.86
15-06-2009,126.02,101.79
16-06-2009,127.19,102.87
17-06-2009,123.85,99.05
18-06-2009,121.95,96.73
19-06-2009,123.43,98.18
22-06-2009,121.55,96.54
23-06-2009,121.94,96.73
24-06-2009,122.5,97.98
25-06-2009,121.67,96.99
26-06-2009,124.35,99.93
29-06-2009,125.25,100.46
30-06-2009,122.82,97.96
01-07-2009,123.52,99.03
02-07-2009,124.12,99.18
03-07-2009,125.15,100.92
06-07-2009,120.61,95.01
07-07-2009,121.36,95.86
08-07-2009,117.74,93.02
09-07-2009,117.79,93.13
10-07-2009,116.2,91.29
13-07-2009,115.6,90.4
14-07-2009,118.84,93.76
15-07-2009,121.08,96.68
16-07-2009,121.21,96.57
17-07-2009,124.17,99.72
20-07-2009,126.49,102.68
21-07-2009,125.92,102.01
22-07-2009,124.65,100.37
23-07-2009,127.2,103.09
24-07-2009,127.79,104.17
27-07-2009,127.83,104.38
28-07-2009,127.86,104.35
29-07-2009,126.15,103.12
30-07-2009,126.9,104.47
31-07-2009,128.24,105.94
03-08-2009,130.13,107.72
04-08-2009,129.48,107.03
05-08-2009,130.06,107.42
06-08-2009,127.98,104.87
07-08-2009,126.24,102.46
10-08-2009,125.29,101.43
11-08-2009,125.67,102.19
12-08-2009,125.88,101.91
13-08-2009,128.77,105.35
14-08-2009,128.69,104.77
17-08-2009,124.97,100.38
18-08-2009,126.41,102.11
20-08-2009,126.09,101.83
21-08-2009,127.5,103.42
24-08-2009,129.88,105.96
25-08-2009,129.78,106.3
26-08-2009,130.53,106.86
27-08-2009,130.51,106.96
28-08-2009,131.24,107.96
31-08-2009,130.72,106.57
01-09-2009,128.91,105.66
02-09-2009,129.56,105.23
03-09-2009,130.09,104.98
04-09-2009,132.08,106.85
07-09-2009,134.2,109.26
08-09-2009,134.59,109.63
09-09-2009,134.36,109.84
10-09-2009,133.98,109.93
11-09-2009,135.17,110.03
14-09-2009,134.88,109.74
15-09-2009,136.32,111.79
16-09-2009,137.76,113.28
17-09-2009,138.29,113.49
18-09-2009,138.11,113.87
22-09-2009,139.03,114.8
23-09-2009,137.74,113.63
24-09-2009,138.03,114.03
25-09-2009,137.22,113.58
29-09-2009,137.39,114.6
30-09-2009,139.18,116.3
01-10-2009,139.49,116.34
05-10-2009,138.08,114.43
06-10-2009,139,115.02
07-10-2009,138.64,114.38
08-10-2009,138.8,114.83
09-10-2009,137.55,113.64
12-10-2009,139.77,116.11
13-10-2009,139.77,116.11
14-10-2009,141.09,117.73
15-10-2009,140.63,117.74
16-10-2009,141.17,118.58
20-10-2009,140.99,118.04
21-10-2009,140.14,116.73
22-10-2009,139.01,114.98
23-10-2009,139.36,115.29
26-10-2009,138.74,114.6
27-10-2009,136.39,111.6
28-10-2009,135.87,111.22
29-10-2009,134.79,109.39
30-10-2009,134.19,108.67
03-11-2009,132.14,105.3
04-11-2009,135.98,108.7
05-11-2009,137.19,110.14
06-11-2009,137.58,111.04
09-11-2009,139.76,113.5
10-11-2009,139.55,113.13
11-11-2009,141.56,115.9
12-11-2009,141.52,114.55
13-11-2009,141.77,115.6
16-11-2009,143.2,116.96
17-11-2009,143.49,117.08
18-11-2009,143.72,116.93
19-11-2009,142.58,115.37
20-11-2009,144.24,116.72
23-11-2009,145.44,117.76
24-11-2009,145.64,117.59
25-11-2009,145.82,117.93
26-11-2009,144.64,115.73
27-11-2009,142.93,114.26
30-11-2009,144.15,116.35
01-12-2009,147,118.48
02-12-2009,147.15,118.6
03-12-2009,147.75,118.9
04-12-2009,146.86,118.46
07-12-2009,144.01,117.41
08-12-2009,146.25,119.33
09-12-2009,144.55,118.44
10-12-2009,144.72,118.96
11-12-2009,144.56,118.53
14-12-2009,143.93,118.26
15-12-2009,142.62,116.54
16-12-2009,143.3,116.77
17-12-2009,143.09,116.91
18-12-2009,141.6,115.72
21-12-2009,141.21,114.96
22-12-2009,141.57,115.79
23-12-2009,143.88,119.18
24-12-2009,145.01,119.97
29-12-2009,145.17,120.11
30-12-2009,144.14,119.79
31-12-2009,145.25,120.46
04-01-2010,145.74,121.3
05-01-2010,147.13,122.48
06-01-2010,147.27,122.72
07-01-2010,146.69,122.19
08-01-2010,146.03,121.82
11-01-2010,147.2,122.06
12-01-2010,146.26,121.1
13-01-2010,146.45,121.66
14-01-2010,146.61,122.34
15-01-2010,146.89,122.14
18-01-2010,146.85,122.68
19-01-2010,146.22,121.53
20-01-2010,145.87,121.44
21-01-2010,143.32,118.47
22-01-2010,141.82,117.18
25-01-2010,140.62,116.3
27-01-2010,138.29,112.61
28-01-2010,138.33,113.07
29-01-2010,138.44,113.51
01-02-2010,138.72,114.15
02-02-2010,138.23,112.59
03-02-2010,139.96,114.97
04-02-2010,138.38,112.92
05-02-2010,134.55,110.03
08-02-2010,135.73,111.11
09-02-2010,136.58,111.81
10-02-2010,135.45,111.08
11-02-2010,137.01,112.57
15-02-2010,137.53,112.02
16-02-2010,138.7,113.21
17-02-2010,139.47,114.54
18-02-2010,138.74,113.88
19-02-2010,138.27,112.83
22-02-2010,138.57,112.94
23-02-2010,138.34,113.17
24-02-2010,137.92,112.96
25-02-2010,137.68,112.95
26-02-2010,139.99,114.5
02-03-2010,141.85,116.72
03-03-2010,143.67,118.47
04-03-2010,143.54,118.51
05-03-2010,143.48,118.78
08-03-2010,143.87,119.54
09-03-2010,142.97,118.91
10-03-2010,143.61,119.11
11-03-2010,143.32,119.36
12-03-2010,143.67,119.44
15-03-2010,143.24,119.16
16-03-2010,145,120.63
17-03-2010,145.62,121.35
18-03-2010,145.45,121.66
19-03-2010,146.31,122.07
22-03-2010,144.69,120.77
23-03-2010,144.71,121.24
25-03-2010,145.04,121.96
26-03-2010,145.46,122.6
29-03-2010,145.79,123.08
30-03-2010,145.24,122.34
31-03-2010,144.99,122.11
01-04-2010,146,123.02
05-04-2010,147.2,124.85
06-04-2010,146.88,124.84
07-04-2010,147.7,125.08
08-04-2010,146.8,123.62
09-04-2010,147.79,124.76
12-04-2010,147.48,124.19
13-04-2010,146.72,123.87
15-04-2010,146.19,122.82
16-04-2010,146.06,122.53
19-04-2010,144.3,121.17
20-04-2010,144.95,121.9
21-04-2010,145.34,122.35
22-04-2010,145.62,122.87
23-04-2010,146.34,123.57
26-04-2010,146.99,123.98
27-04-2010,146.6,123.63
28-04-2010,145.2,121.59
29-04-2010,145.87,122.47
30-04-2010,146.27,123.23
03-05-2010,145.94,122.12
04-05-2010,145.01,120.3
05-05-2010,144.69,120.05
06-05-2010,144.66,119.27
07-05-2010,144.29,117.35
10-05-2010,146.36,121.24
11-05-2010,146.39,119.91
12-05-2010,147.46,120.52
13-05-2010,148.04,121.22
14-05-2010,146.94,119.29
17-05-2010,146.92,118.64
18-05-2010,145.79,118.73
19-05-2010,144.16,115.35
20-05-2010,144.32,115.94
21-05-2010,143.87,115.41
24-05-2010,144.17,115.64
25-05-2010,142.25,112.39
26-05-2010,144.38,114.87
27-05-2010,145.3,116.74
28-05-2010,145.89,118.37
31-05-2010,146.59,119.01
01-06-2010,146.26,116.4
02-06-2010,146.43,117.55
03-06-2010,147.46,119.62
04-06-2010,147.84,120.16
07-06-2010,147.11,117.88
08-06-2010,147.55,116.82
09-06-2010,147.49,117.27
10-06-2010,148.4,119.06
11-06-2010,148.55,119.83
14-06-2010,149.9,121.46
15-06-2010,150.35,122.05
16-06-2010,150.54,122.33
17-06-2010,151.31,123.18
18-06-2010,151.26,122.82
21-06-2010,153.11,124.92
22-06-2010,152.59,124.09
23-06-2010,153.01,124.33
24-06-2010,152.14,124.32
25-06-2010,152.74,123.24
28-06-2010,152.95,124.78
29-06-2010,152.2,123.12
30-06-2010,153.08,124.31
01-07-2010,152.32,123.05
02-07-2010,150.82,122.72
05-07-2010,151.13,122.68
06-07-2010,152.14,123.86
07-07-2010,150.34,122.84
08-07-2010,152.13,124.09
09-07-2010,152.14,125.26
12-07-2010,152.86,125.91
13-07-2010,153.45,126.35
14-07-2010,153.84,126.04
15-07-2010,153.83,125.9
16-07-2010,153.31,126.32
19-07-2010,153.22,126.26
20-07-2010,151.98,125.82
21-07-2010,153.44,126.54
22-07-2010,154.37,127.44
23-07-2010,154.67,127.48
26-07-2010,154.17,126.78
27-07-2010,154.15,127.06
28-07-2010,152.45,126.47
29-07-2010,152.56,126.74
30-07-2010,152.53,125.85
02-08-2010,153.62,127.35
03-08-2010,153.87,127.59
04-08-2010,154.11,128.13
05-08-2010,154.7,127.68
06-08-2010,153.87,127.48
09-08-2010,154.62,128.64
10-08-2010,154.39,128.08
11-08-2010,154.15,127.12
12-08-2010,154.39,127.16
13-08-2010,155.05,128.08
16-08-2010,154.61,127.38
17-08-2010,155.12,127.37
18-08-2010,155.54,128.83
19-08-2010,156.58,130.22
20-08-2010,156.55,130.02
23-08-2010,157.61,130.34
24-08-2010,156.34,129.44
25-08-2010,155.91,128.37
26-08-2010,156.16,128.7
27-08-2010,154.84,127.13
30-08-2010,154.9,127.27
31-08-2010,154.66,126.96
01-09-2010,156.39,128.65
02-09-2010,156.51,129.03
03-09-2010,156.54,128.97
06-09-2010,158.13,131.17
07-09-2010,158.79,131.68
08-09-2010,159.13,131.76
09-09-2010,159.79,132.5
13-09-2010,161.8,135.23
14-09-2010,162.82,135.88
15-09-2010,164.62,137.26
16-09-2010,163.93,136.37
17-09-2010,165.18,137.81
20-09-2010,166.85,139.88
21-09-2010,167.13,140.34
22-09-2010,167.03,139.92
23-09-2010,166.96,139.27
24-09-2010,167.59,140.6
27-09-2010,168.4,141.01
28-09-2010,167.79,140.92
29-09-2010,168.03,140.11
30-09-2010,167.55,140.64
01-10-2010,169.99,143.33
04-10-2010,170.7,143.91
05-10-2010,171.32,143.72
06-10-2010,171.79,144.78
07-10-2010,171.28,143.38
08-10-2010,169.71,142.94
11-10-2010,171.63,143.84
12-10-2010,170.74,142.71
13-10-2010,173.57,145.73
14-10-2010,172.77,144.6
15-10-2010,170.23,141.94
18-10-2010,170.62,142.2
19-10-2010,169.5,141.23
20-10-2010,167.99,140.32
21-10-2010,170.75,143.09
22-10-2010,169.19,142.42
25-10-2010,170.94,143.18
26-10-2010,170.29,142.67
27-10-2010,168.96,141.25
28-10-2010,168.91,140.63
29-10-2010,168.99,141.2
01-11-2010,172.13,143.48
02-11-2010,172.24,143.69
03-11-2010,172.69,144.58
04-11-2010,174.11,147.14
08-11-2010,175.82,147
09-11-2010,177.14,147.7
10-11-2010,176.51,147.14
11-11-2010,175.46,145.17
12-11-2010,172.4,142.23
15-11-2010,173.46,143.35
16-11-2010,171.04,140.32
18-11-2010,170.93,140.61
19-11-2010,168.94,138.06
22-11-2010,171.42,140.76
23-11-2010,170.43,139.06
24-11-2010,169.6,137.28
25-11-2010,168.07,135.31
26-11-2010,167.01,133.86
29-11-2010,168.61,135.77
30-11-2010,169.21,136.92
01-12-2010,170.08,139.38
02-12-2010,171.76,140.46
03-12-2010,171.64,139.75
06-12-2010,171.72,139.57
07-12-2010,172.23,138.98
08-12-2010,169.69,137.16
09-12-2010,167.29,133.74
10-12-2010,169.13,135.77
13-12-2010,170.27,137.13
14-12-2010,171.37,138.15
15-12-2010,169.68,136.81
16-12-2010,170.83,137.97
20-12-2010,170.9,137.89
21-12-2010,171.41,139.17
22-12-2010,171.06,138.85
23-12-2010,171.13,138.62
24-12-2010,171.71,139.19
27-12-2010,172.12,138.82
28-12-2010,172.02,138.75
29-12-2010,172.97,140.2
30-12-2010,172.99,141.14
31-12-2010,174.17,142.04
03-01-2011,175.03,142.54
04-01-2011,174.05,142.22
05-01-2011,172.9,140.66
06-01-2011,171.2,139.7
07-01-2011,169.15,136.48
10-01-2011,166.58,133.14
11-01-2011,165.42,132.95
12-01-2011,168.75,135.41
13-01-2011,166.71,133.16
14-01-2011,164.75,130.96
17-01-2011,164.17,130.81
18-01-2011,165.97,132.25
19-01-2011,165.36,131.73
20-01-2011,165.94,132.18
21-01-2011,165,131.98
24-01-2011,165.97,133.04
25-01-2011,164.05,131.76
27-01-2011,162.84,129.66
28-01-2011,159.95,127.38
31-01-2011,160.14,127.37
01-02-2011,158.2,125.31
02-02-2011,158.13,125.61
03-02-2011,160.32,127.69
04-02-2011,158.55,124.88
07-02-2011,159.51,124.81
08-02-2011,157.25,122.75
09-02-2011,156.2,121.07
10-02-2011,155.9,120.59
11-02-2011,157.44,122.62
14-02-2011,160.47,126.18
15-02-2011,160.71,126.78
17-02-2011,162,128.32
18-02-2011,161.06,126.25
21-02-2011,162.25,127.55
22-02-2011,161.71,126.38
23-02-2011,160.19,125.62
24-02-2011,158.29,121.57
25-02-2011,158.52,122.49
28-02-2011,159.22,123.15
01-03-2011,162.52,127.48
03-03-2011,163.19,127.76
04-03-2011,163.43,127.82
07-03-2011,162.47,126.12
08-03-2011,163.15,127.41
09-03-2011,163.42,127.71
10-03-2011,163.05,126.92
11-03-2011,161.78,125.78
14-03-2011,163.2,127.61
15-03-2011,161.6,125.69
16-03-2011,161.98,127.15
17-03-2011,160.8,125.85
18-03-2011,160.31,124.24
21-03-2011,160.45,124
22-03-2011,161.43,125.11
23-03-2011,162.11,126.54
24-03-2011,163.48,127.5
25-03-2011,164.5,130.32
28-03-2011,166.08,131.12
29-03-2011,166.21,132.17
30-03-2011,167.81,133.52
31-03-2011,167.75,134.43
01-04-2011,168.95,134.43
05-04-2011,169.65,136.55
06-04-2011,169.88,136.22
07-04-2011,169.58,136.24
08-04-2011,169.51,135.08
11-04-2011,168.87,133.78
13-04-2011,170.44,136.57
15-04-2011,169.52,134.85
18-04-2011,167.99,132.75
19-04-2011,168.65,133
20-04-2011,171.46,135.37
21-04-2011,172.1,135.88
25-04-2011,172.87,135.75
26-04-2011,171.8,135.61
27-04-2011,172.04,135.02
28-04-2011,171.22,133.93
29-04-2011,170.08,132.96
02-05-2011,170.38,131.75
03-05-2011,167.93,128.66
04-05-2011,166.88,127.95
05-05-2011,164.98,126.21
06-05-2011,167.04,128.4
09-05-2011,166.51,128.52
10-05-2011,166.02,128.31
11-05-2011,166.71,128.89
12-05-2011,164.42,127.27
13-05-2011,166.48,128.64
16-05-2011,165.44,127.67
18-05-2011,163.77,125.86
19-05-2011,164.33,125.91
20-05-2011,165.25,127.15
23-05-2011,163.83,125.01
24-05-2011,164.36,125.35
25-05-2011,163.72,124.45
26-05-2011,164.8,125.75
27-05-2011,166.48,127.24
30-05-2011,166.2,127.36
31-05-2011,167.54,129.43
01-06-2011,167.25,130.14
02-06-2011,167.73,129.12
03-06-2011,166.46,128.33
06-06-2011,167.12,128.61
07-06-2011,167.68,129.23
08-06-2011,166.51,128.64
09-06-2011,167.05,128.48
10-06-2011,166.51,127.67
13-06-2011,166.51,127.64
14-06-2011,165.75,128.07
15-06-2011,164.12,126.84
16-06-2011,163.47,125.66
17-06-2011,163.78,124.93
20-06-2011,162.28,122.45
21-06-2011,162.79,122.75
22-06-2011,162.78,122.65
23-06-2011,163.29,123.49
24-06-2011,165.57,126.85
27-06-2011,165.75,128.3
28-06-2011,166.58,128.63
29-06-2011,167.22,129.74
30-06-2011,167.58,130.71
01-07-2011,167.17,130.43
04-07-2011,167.3,131.12
05-07-2011,167.43,130.73
06-07-2011,167.91,130.63
07-07-2011,169.91,132.88
08-07-2011,168.66,131.2
11-07-2011,168.48,130.19
12-07-2011,167.72,128.22
13-07-2011,168.87,129.61
14-07-2011,169.7,130.09
15-07-2011,168.98,129.73
18-07-2011,170.17,129.51
19-07-2011,171.25,130.41
20-07-2011,168.32,129.19
21-07-2011,168.67,128.48
22-07-2011,169.68,130.53
25-07-2011,171.13,131.54
26-07-2011,168.97,129.29
27-07-2011,168.58,128.76
28-07-2011,168.2,127.4
29-07-2011,168.59,126.89
01-08-2011,168.95,127.51
02-08-2011,167.48,126.18
03-08-2011,168.34,125.07
04-08-2011,166.9,123.58
05-08-2011,164.53,120.95
08-08-2011,164.79,118.92
09-08-2011,166.21,117.77
10-08-2011,167.66,119.87
11-08-2011,168.36,119.34
12-08-2011,166.11,117.9
16-08-2011,165.92,116.97
17-08-2011,167.21,117.23
18-08-2011,165.14,114.63
22-08-2011,166.96,113.81
23-08-2011,167.96,114.9
24-08-2011,165.89,113.57
25-08-2011,161.44,112.38
26-08-2011,161.25,110.18
29-08-2011,165.72,114.03
30-08-2011,165.42,115.83
02-09-2011,168.77,116.82
05-09-2011,169.48,116.45
06-09-2011,170.03,117.36
07-09-2011,169.56,118.88
08-09-2011,169.7,119.44
09-09-2011,169.99,117.36
12-09-2011,167.72,114.7
13-09-2011,167.34,114.56
14-09-2011,168.94,116.06
15-09-2011,169.07,117.57
16-09-2011,167.99,117.78
19-09-2011,168.37,116.66
20-09-2011,170.57,118.95
21-09-2011,170.95,119
22-09-2011,167.11,114.29
23-09-2011,165.29,113.07
26-09-2011,160.65,112.16
27-09-2011,164.3,115.15
28-09-2011,163.01,114.56
29-09-2011,163.25,115.96
30-09-2011,162.38,114.39
03-10-2011,161.94,112.18
04-10-2011,160.47,110.34
05-10-2011,158.34,109.81
07-10-2011,162.12,112.74
10-10-2011,164.1,114.72
11-10-2011,163.78,114.76
12-10-2011,167.23,117.5
13-10-2011,167.14,117.13
14-10-2011,168.36,118.18
17-10-2011,167.45,117.93
18-10-2011,165.95,116.13
19-10-2011,167.77,118.27
20-10-2011,166.64,117.19
21-10-2011,165.94,116.18
24-10-2011,167.11,117.08
25-10-2011,169.27,118.96
28-10-2011,174.6,122.8
31-10-2011,172.64,122.23
01-11-2011,171.33,120.8
02-11-2011,172.21,120.83
03-11-2011,172.57,121.11
04-11-2011,173.45,121.66
08-11-2011,175.07,121.69
09-11-2011,173.74,120.09
11-11-2011,172.41,118.85
14-11-2011,172.29,118.32
15-11-2011,170.73,116.21
16-11-2011,170.03,115.38
17-11-2011,168.04,113.25
18-11-2011,165.87,112.61
21-11-2011,164.03,109.79
22-11-2011,164.46,110.49
23-11-2011,162.56,108.09
24-11-2011,163.47,109.31
25-11-2011,162.99,108.46
28-11-2011,165.51,111.54
29-11-2011,164.85,110.41
30-11-2011,164.93,110.84
01-12-2011,168.07,113.03
02-12-2011,170.6,115.68
05-12-2011,170.05,115.5
07-12-2011,170.37,115.92
08-12-2011,168.11,113.31
09-12-2011,166.78,111.62
12-12-2011,163.71,109.28
13-12-2011,164.17,109.94
14-12-2011,164.03,109.08
15-12-2011,161.68,108.73
16-12-2011,159.26,106.57
19-12-2011,158.93,105.48
20-12-2011,156.54,103.76
21-12-2011,160.31,106.93
22-12-2011,160.58,107.9
23-12-2011,160.46,107.37
26-12-2011,161.72,108.74
27-12-2011,160.67,108.04
28-12-2011,159.88,107.02
29-12-2011,157.69,105.81
30-12-2011,157.22,105.38
02-01-2012,157.79,105.58
03-01-2012,161.37,108.55
04-01-2012,161.38,108.29
05-01-2012,161.34,108.34
06-01-2012,161.84,108.33
09-01-2012,160.95,108.23
10-01-2012,163.25,110.72
11-01-2012,162.92,111.13
12-01-2012,162.52,110.71
13-01-2012,162.97,111.52
16-01-2012,163.22,111.74
17-01-2012,165.34,113.79
18-01-2012,164.76,113.43
19-01-2012,166.09,114.93
20-01-2012,166.18,115.65
23-01-2012,167.56,115.59
24-01-2012,168.53,117.55
25-01-2012,169.3,118.41
27-01-2012,171.12,119.43
30-01-2012,170.41,116.73
31-01-2012,172.04,119.32
01-02-2012,173.1,120.23
02-02-2012,173.31,121.04
03-02-2012,174.99,122.2
06-02-2012,174.53,123.27
07-02-2012,174.36,122.49
08-02-2012,175.71,123.37
09-02-2012,176.57,124.43
10-02-2012,175.61,123.89
13-02-2012,175.76,124.09
14-02-2012,176.63,124.73
15-02-2012,179.43,127.43
16-02-2012,179.13,127.42
17-02-2012,180.28,128.32
21-02-2012,181.53,129.25
22-02-2012,179.43,126.41
23-02-2012,179.73,125.96
24-02-2012,178.85,124.76
27-02-2012,175.36,121.33
28-02-2012,178.03,123.84
29-02-2012,178.82,124.11
01-03-2012,175.83,123.09
02-03-2012,176.13,123.49
05-03-2012,174.45,121.69
06-03-2012,173.05,120.43
07-03-2012,173.03,120.28
09-03-2012,173.5,122.97
12-03-2012,174.17,123.67
13-03-2012,175.79,125.2
14-03-2012,175.76,126.07
15-03-2012,173.87,124.06
16-03-2012,172.52,122.59
19-03-2012,171.33,121.13
20-03-2012,171.67,121.64
21-03-2012,174.34,123.8
22-03-2012,170.86,120.61
23-03-2012,172.11,121.77
26-03-2012,170.98,119.66
27-03-2012,171.94,120.93
28-03-2012,171.19,119.78
29-03-2012,171.23,119.59
30-03-2012,173.67,122.39
02-04-2012,173.58,122.98
03-04-2012,174.54,124.03
04-04-2012,173.04,123.3
09-04-2012,172.04,121.26
10-04-2012,172.38,121.46
11-04-2012,172.52,121
12-04-2012,173.58,122.09
13-04-2012,171.87,120.62
16-04-2012,172.33,121.1
17-04-2012,173.86,122.49
18-04-2012,173.46,122.66
19-04-2012,174.36,123.24
20-04-2012,173.6,122.32
23-04-2012,172.02,120.25
24-04-2012,173.05,120.59
25-04-2012,172.11,120.14
26-04-2012,172.78,119.76
27-04-2012,172.38,119.71
30-04-2012,173.48,121.06
02-05-2012,173.66,120.86
03-05-2012,172.75,119.63
04-05-2012,170.38,117.4
07-05-2012,171.09,118.14
08-05-2012,168.46,115.59
09-05-2012,166.88,114.83
10-05-2012,166.57,114.68
11-05-2012,166.09,113.8
14-05-2012,163.39,113.31
15-05-2012,164.77,114.06
16-05-2012,163.35,112.11
17-05-2012,163.98,112.35
18-05-2012,165.35,112.73
21-05-2012,165.95,113.16
22-05-2012,164.93,112.1
23-05-2012,164.66,111.48
24-05-2012,166.67,113.29
25-05-2012,166.92,113.37
28-05-2012,167.37,114.88
29-05-2012,168.43,114.94
30-05-2012,166.51,113.94
31-05-2012,167.46,113.53
01-06-2012,165.13,111.69
04-06-2012,166.61,111.73
05-06-2012,167.07,112.05
06-06-2012,170.6,115.03
07-06-2012,170.47,116.21
08-06-2012,170.02,116.65
11-06-2012,170.65,116.25
12-06-2012,171.9,117.62
13-06-2012,172.32,117.76
14-06-2012,171.51,116.21
15-06-2012,173.33,118.01
18-06-2012,171.43,116.29
19-06-2012,173.17,117.11
20-06-2012,173.41,117.61
21-06-2012,173.94,118.66
22-06-2012,173.15,118.25
25-06-2012,172.46,117.58
26-06-2012,172.9,117.84
27-06-2012,173.35,118.32
28-06-2012,173.31,118.5
29-06-2012,175.91,121.43
02-07-2012,176.04,121.53
03-07-2012,175.51,121.94
04-07-2012,175.94,122.31
05-07-2012,176.81,122.91
06-07-2012,176.09,122.59
09-07-2012,174.9,121.57
10-07-2012,176.2,123.12
11-07-2012,174.76,122.29
12-07-2012,173.58,120.8
13-07-2012,173.19,120.57
16-07-2012,173.53,119.94
17-07-2012,172.93,119.76
18-07-2012,174.07,120.21
19-07-2012,174.82,120.77
20-07-2012,173.9,120.03
23-07-2012,171.92,118.07
24-07-2012,172.29,118.37
25-07-2012,172.89,117.89
26-07-2012,171.56,116.3
27-07-2012,172.38,117.36
30-07-2012,174.69,119.66
31-07-2012,175.53,120.32
01-08-2012,175.25,120.64
02-08-2012,175.15,120.49
03-08-2012,174.84,120.18
06-08-2012,175.78,121.59
07-08-2012,176.79,122.73
08-08-2012,176.66,122.65
09-08-2012,176.69,122.29
10-08-2012,176.65,122.2
13-08-2012,177.94,122.96
14-08-2012,178.67,123.65
16-08-2012,178.17,123.26
17-08-2012,177.94,123.3
21-08-2012,179.52,124.42
22-08-2012,179.62,124.17
23-08-2012,180.31,124.15
24-08-2012,179.83,123.54
27-08-2012,179.35,122.64
28-08-2012,178.8,122.18
29-08-2012,177.76,121.2
30-08-2012,178.15,121.77
31-08-2012,176.81,120.65
03-09-2012,177.35,120.53
04-09-2012,178.39,121.11
05-09-2012,177.73,120.05
06-09-2012,178.53,120.38
07-09-2012,180.91,122.59
10-09-2012,182.37,123.17
11-09-2012,182.19,123.71
12-09-2012,183.45,124.52
13-09-2012,183.25,124.52
14-09-2012,187.25,127.47
17-09-2012,187.73,128.38
18-09-2012,186.73,128.43
20-09-2012,185.93,127.51
21-09-2012,188.8,130.52
24-09-2012,187.64,130.22
25-09-2012,188.05,130.41
26-09-2012,188.01,130.21
27-09-2012,187.18,130.09
28-09-2012,188.34,131.42
01-10-2012,188.5,131.85
03-10-2012,188.92,132.22
04-10-2012,189.86,133.49
05-10-2012,188.9,132.59
08-10-2012,187.26,131.04
09-10-2012,187.89,131.72
10-10-2012,187.06,130.48
11-10-2012,189.63,131.8
12-10-2012,188.31,131.17
15-10-2012,187.88,131.31
16-10-2012,186.28,130.36
17-10-2012,186.69,130.62
18-10-2012,188.14,131.95
19-10-2012,187.63,131.16
22-10-2012,187.96,131.83
23-10-2012,187.31,131.25
25-10-2012,187.66,131.52
26-10-2012,186.54,130.47
29-10-2012,187.15,130.37
30-10-2012,185.71,128.89
31-10-2012,185.78,129.53
01-11-2012,186.98,130.19
02-11-2012,187.6,131.38
05-11-2012,187.26,131.48
06-11-2012,188.1,131.93
07-11-2012,189.68,132.86
08-11-2012,189.07,132.46
09-11-2012,188.69,131.28
12-11-2012,189.29,131.55
13-11-2012,188.54,131.23
15-11-2012,187,130.55
16-11-2012,185.82,129.21
19-11-2012,186.26,128.96
20-11-2012,186.23,128.88
21-11-2012,186.99,129.82
22-11-2012,187.8,130.21
23-11-2012,187.78,130.27
26-11-2012,188.71,130.73
27-11-2012,190.83,132.85
29-11-2012,191.8,134.97
30-11-2012,192.58,136.18
03-12-2012,192.43,136.17
04-12-2012,192.76,136.63
05-12-2012,192.53,136.89
06-12-2012,192.73,137.66
07-12-2012,193.41,137.09
10-12-2012,192.77,137.2
11-12-2012,192.42,136.9
12-12-2012,192.13,136.7
13-12-2012,190.95,135.79
14-12-2012,191.85,136.5
17-12-2012,191.42,136.19
18-12-2012,192.78,137.24
19-12-2012,192.39,138.04
20-12-2012,192.1,137.8
21-12-2012,190.42,136.16
24-12-2012,190.68,136.35
26-12-2012,191.45,137.45
27-12-2012,191.16,136.67
28-12-2012,191.73,137.59
31-12-2012,191.63,137.63
01-01-2013,193.46,138.79
02-01-2013,193.81,139.76
03-01-2013,194.5,140.2
04-01-2013,193.93,140.31
07-01-2013,193.62,139.79
08-01-2013,193.56,140.04
09-01-2013,192.99,139.4
10-01-2013,192.63,139.31
11-01-2013,192.55,138.69
14-01-2013,194.23,140.44
15-01-2013,195.06,141.14
16-01-2013,194.51,139.77
17-01-2013,194.67,140.53
18-01-2013,195.18,140.94
21-01-2013,195.84,141.34
22-01-2013,195.2,140.45
23-01-2013,195.55,140.47
24-01-2013,194.22,139.42
25-01-2013,195.19,140.84
28-01-2013,195.5,140.87
29-01-2013,194.69,140.22
30-01-2013,194.84,140.31
31-01-2013,194.33,140.06
01-02-2013,193.61,139.42
04-02-2013,192.63,139.09
05-02-2013,192.62,138.39
06-02-2013,192.25,138.53
07-02-2013,192.04,137.97
08-02-2013,190.83,137.13
11-02-2013,191.27,137.01
12-02-2013,191.37,137.55
13-02-2013,191.77,137.61
14-02-2013,190.72,136.61
15-02-2013,190.27,136.47
18-02-2013,190.04,136.77
19-02-2013,191.07,137.78
20-02-2013,191.7,137.81
21-02-2013,188.78,135.59
22-02-2013,188.85,135.62
25-02-2013,189,135.6
26-02-2013,186.98,133.51
27-02-2013,188.54,134.44
28-02-2013,186.48,131.92
01-03-2013,185.04,132.63
04-03-2013,185.99,132.04
05-03-2013,187.63,134.01
06-03-2013,188.27,134.79
07-03-2013,189.4,135.75
08-03-2013,190.32,137.59
11-03-2013,190.1,137.55
12-03-2013,189.83,136.81
13-03-2013,187.23,135.26
14-03-2013,188.01,136.58
15-03-2013,187.27,135.77
18-03-2013,186.7,135.03
19-03-2013,184.96,132.86
20-03-2013,184.63,131.46
21-03-2013,183.32,130.62
22-03-2013,183.55,130.46
25-03-2013,182.78,130
26-03-2013,182.48,130.19
28-03-2013,183.92,131.31
01-04-2013,184.55,131.92
02-04-2013,185.02,133.06
03-04-2013,183.02,131.35
04-04-2013,181.42,129.1
05-04-2013,179.97,128.66
08-04-2013,181.1,128.53
09-04-2013,180.09,127.43
10-04-2013,181.77,128.86
11-04-2013,180.65,129.61
12-04-2013,179.59,128.44
15-04-2013,175.51,129.18
16-04-2013,177.18,131.83
17-04-2013,176.77,131.89
18-04-2013,178.92,134.01
22-04-2013,181.14,135.32
23-04-2013,180.99,135.28
25-04-2013,183.1,136.99
26-04-2013,183.13,136.03
29-04-2013,183.88,136.9
30-04-2013,183.85,137.6
02-05-2013,185.26,139.27
03-05-2013,184.7,138.13
06-05-2013,185.36,138.8
07-05-2013,186.62,140.45
08-05-2013,187.04,140.91
09-05-2013,187.04,140.46
10-05-2013,187.95,141.51
13-05-2013,185.86,139.01
14-05-2013,185.61,139.37
15-05-2013,188.62,142.75
16-05-2013,187.83,143.36
17-05-2013,188.28,143.86
20-05-2013,186.87,143.02
21-05-2013,186.6,142.03
22-05-2013,186.59,141.53
23-05-2013,183.9,138.65
24-05-2013,184.44,139.14
27-05-2013,186.46,141.36
28-05-2013,187.02,141.94
29-05-2013,187,141.69
30-05-2013,188.33,142.05
31-05-2013,186.83,139.16
03-06-2013,185.35,138.34
04-06-2013,185.03,138.09
05-06-2013,184.93,138.21
06-06-2013,185.9,138.08
07-06-2013,185.47,137.03
10-06-2013,184.95,136.7
11-06-2013,183.14,134.55
12-06-2013,182.66,133.69
13-06-2013,181.98,132.17
14-06-2013,183.51,134.62
17-06-2013,185.05,135.68
18-06-2013,184.91,135.05
19-06-2013,184.38,135.37
20-06-2013,179.69,131.55
21-06-2013,179.12,131.54
24-06-2013,177.82,129.55
25-06-2013,178.35,129.89
26-06-2013,175.62,129.45
27-06-2013,177.59,131.43
28-06-2013,180.33,135.01
01-07-2013,182.35,136.72
02-07-2013,182.53,135.76
03-07-2013,182.04,133.72
04-07-2013,182.31,135.13
05-07-2013,182.77,135.75
08-07-2013,181.83,134.65
09-07-2013,182.84,135.85
10-07-2013,181.84,134.92
11-07-2013,185.04,137.41
12-07-2013,186.46,138.98
15-07-2013,187.43,139.59
16-07-2013,185.36,137.83
17-07-2013,185.92,138.04
18-07-2013,187.19,139.64
19-07-2013,187.48,139.32
22-07-2013,188.56,139.32
23-07-2013,190.43,140.34
24-07-2013,187.78,138.23
25-07-2013,185.5,136.44
26-07-2013,185.42,135.84
29-07-2013,185.36,134.52
30-07-2013,184.68,132.6
31-07-2013,185.1,132.36
01-08-2013,183.75,131.77
02-08-2013,182.72,130.53
05-08-2013,183.01,130.82
06-08-2013,180.61,127.54
07-08-2013,179.04,127.35
08-08-2013,180.46,128.4
12-08-2013,182.96,129.55
13-08-2013,186.31,131.65
14-08-2013,186.75,132.64
16-08-2013,184.62,127.25
19-08-2013,183.55,124.96
20-08-2013,182.97,124.51
21-08-2013,181.71,122.31
22-08-2013,183.58,124.59
23-08-2013,184.02,126.09
26-08-2013,185.1,126.28
27-08-2013,182.45,121.98
28-08-2013,183.16,121.7
29-08-2013,184.86,124.47
30-08-2013,183.98,125.88
02-09-2013,186.29,127.71
03-09-2013,184.18,123.04
04-09-2013,185.38,125.4
05-09-2013,187.27,128.64
06-09-2013,187.62,130.47
10-09-2013,191.25,135.23
11-09-2013,191.56,135.79
12-09-2013,190.31,134.29
13-09-2013,189.4,134.36
16-09-2013,188.95,134.14
17-09-2013,189.81,134.26
18-09-2013,190,135.34
19-09-2013,196.29,140.28
20-09-2013,193.95,138.12
23-09-2013,191.04,135.46
24-09-2013,190.48,135.53
25-09-2013,190.58,135.25
26-09-2013,190.98,135.42
27-09-2013,190.04,134.5
30-09-2013,189.13,132.31
01-10-2013,189.3,133.34
03-10-2013,191.76,136.23
04-10-2013,191.52,136.26
07-10-2013,191.89,136.36
08-10-2013,194.65,136.78
09-10-2013,195.32,138.56
10-10-2013,195.43,138.98
11-10-2013,196.11,140.49
14-10-2013,197,140.86
15-10-2013,196,140.2
17-10-2013,196.27,139.25
18-10-2013,199.75,142.38
21-10-2013,200.66,143.02
22-10-2013,201.04,143.06
23-10-2013,201.29,142.57
24-10-2013,200.88,142.24
25-10-2013,200.87,141.67
28-10-2013,200.06,140.56
29-10-2013,201.2,143.26
30-10-2013,201.63,143.99
31-10-2013,201.81,145.14
01-11-2013,202.59,145.45
05-11-2013,200.83,144.42
06-11-2013,200.43,143.58
07-11-2013,199.31,142.68
08-11-2013,198.64,141.81
11-11-2013,197.25,140.43
12-11-2013,196.88,139.14
13-11-2013,195.64,138.48
14-11-2013,197.09,140.19
18-11-2013,200.2,143.15
19-11-2013,200.36,143.42
20-11-2013,198.67,141.62
21-11-2013,195.65,138.82
22-11-2013,195.49,138.81
25-11-2013,197.48,141.48
26-11-2013,196.82,140.31
27-11-2013,196.48,140.27
28-11-2013,196.78,141.08
29-11-2013,199.35,143.01
02-12-2013,200.13,143.98
03-12-2013,199.52,143.59
04-12-2013,198.82,142.64
05-12-2013,201.13,144.36
06-12-2013,201.3,144.78
09-12-2013,202.22,147.06
10-12-2013,202.01,146.3
11-12-2013,201.82,145.67
12-12-2013,199.8,144.1
13-12-2013,198.26,142.49
16-12-2013,197.75,142.44
17-12-2013,196.93,142.19
18-12-2013,198.81,144.04
19-12-2013,196.95,143.05
20-12-2013,199.37,145.49
23-12-2013,199.87,145.81
24-12-2013,199.04,145.53
26-12-2013,199.65,145.79
27-12-2013,200.02,146.66
30-12-2013,198.96,146.18
31-12-2013,199.21,146.52
01-01-2014,199.29,146.57
02-01-2014,197.88,144.52
03-01-2014,198.16,144.44
06-01-2014,197.56,144.09
07-01-2014,197.2,143.29
08-01-2014,196.83,143.59
09-01-2014,196.72,143.28
10-01-2014,197.18,143.28
13-01-2014,199.3,145.25
14-01-2014,198.93,144.65
15-01-2014,200.12,146.29
16-01-2014,200.39,146.03
17-01-2014,198.92,144.64
20-01-2014,200.72,145.71
21-01-2014,200.23,145.92
22-01-2014,201.13,146.46
23-01-2014,201.12,146.54
24-01-2014,199.65,144.62
27-01-2014,197.06,141.42
28-01-2014,196.95,141.2
29-01-2014,198.44,141.2
30-01-2014,196.03,139.88
31-01-2014,195.83,140.65
03-02-2014,194.77,138.71
04-02-2014,194.22,138.78
05-02-2014,194.56,139.32
06-02-2014,194.62,139.67
07-02-2014,195.78,140.24
10-02-2014,195.86,139.93
11-02-2014,196.36,140.12
12-02-2014,196.58,140.5
13-02-2014,194.54,138.57
14-02-2014,195.97,139.53
17-02-2014,197.52,140.03
18-02-2014,198.49,141.28
19-02-2014,199.13,141.87
20-02-2014,198.06,140.61
21-02-2014,198.87,142.02
24-02-2014,199.75,142.61
25-02-2014,200.05,142.92
26-02-2014,200.74,143.66
28-02-2014,201.45,144.66
03-03-2014,200.47,143.55
04-03-2014,201.81,145.26
05-03-2014,202.38,145.98
06-03-2014,203.58,147.66
07-03-2014,206.47,150.35
10-03-2014,205.49,150.68
11-03-2014,204.19,149.99
12-03-2014,204.71,150.1
13-03-2014,204.05,149.49
14-03-2014,204.64,149.75
18-03-2014,204.38,150.33
19-03-2014,204.24,150.58
20-03-2014,202.44,149.6
21-03-2014,202.87,149.93
24-03-2014,204.1,151.9
25-03-2014,203.77,152.13
26-03-2014,203.51,152.38
27-03-2014,203.94,153.3
28-03-2014,205.5,154.83
31-03-2014,206.09,155.27
01-04-2014,205.73,155.53
02-04-2014,205.81,156.43
03-04-2014,205.81,155.93
04-04-2014,205.32,155.1
07-04-2014,205.19,155.13
09-04-2014,207.67,157.5
10-04-2014,208.28,157.77
11-04-2014,208.03,157.27
15-04-2014,208.09,156.02
16-04-2014,207.09,154.7
17-04-2014,208.89,157.07
21-04-2014,210.25,158.07
22-04-2014,210.44,158.07
23-04-2014,211.53,158.57
25-04-2014,210.76,157.5
28-04-2014,210.24,157.1
29-04-2014,209.11,155.97
30-04-2014,208.49,155.31
02-05-2014,207.79,155.39
05-05-2014,208.66,155.47
06-05-2014,209,155.84
07-05-2014,208.04,154.44
08-05-2014,207.18,154.55
09-05-2014,212.14,159.01
12-05-2014,214.52,162.37
13-05-2014,215.69,164.74
14-05-2014,216.15,165.16
15-05-2014,216.37,165.32
16-05-2014,217.39,167.47
19-05-2014,218.13,169.66
20-05-2014,217.36,169.96
21-05-2014,217.7,169.51
22-05-2014,215.67,170.39
23-05-2014,217.61,172.64
26-05-2014,217.55,172.02
27-05-2014,215.62,170.87
28-05-2014,215.54,171.23
29-05-2014,214.03,169.06
30-05-2014,212.75,169.02
02-06-2014,215.42,172.08
03-06-2014,217.05,173.37
04-06-2014,216.63,173.31
05-06-2014,218.07,175.12
06-06-2014,220.49,177.81
09-06-2014,222.5,179.41
10-06-2014,222.54,179.32
11-06-2014,222.14,178.36
12-06-2014,222.32,178.79
13-06-2014,221.84,175.92
16-06-2014,222.29,175.8
17-06-2014,223.42,178.13
18-06-2014,221.99,176.47
19-06-2014,222.01,175.93
20-06-2014,222.6,175.27
23-06-2014,221.88,175.01
24-06-2014,224.01,177.07
25-06-2014,223.43,176.84
26-06-2014,222.39,175.2
27-06-2014,222.11,175.62
30-06-2014,224.18,178.19
01-07-2014,224.81,178.86
02-07-2014,226.3,181.21
03-07-2014,226.03,180.91
04-07-2014,227.11,181.71
07-07-2014,226.82,182.42
08-07-2014,223.8,178.03
09-07-2014,222.8,176.94
10-07-2014,224.69,176.76
11-07-2014,222.05,173.83
14-07-2014,221.31,173.89
15-07-2014,222.5,175.91
16-07-2014,224.27,178.12
17-07-2014,224.63,178.73
18-07-2014,225.64,179.08
21-07-2014,225.95,179.48
22-07-2014,227.26,181.27
23-07-2014,227.91,181.72
24-07-2014,227.99,182.45
25-07-2014,226.83,181.27
28-07-2014,227.01,180.43
30-07-2014,227.58,181.5
31-07-2014,226.38,180.06
01-08-2014,224.79,177.52
04-08-2014,226.25,179.46
05-08-2014,227.16,180.83
06-08-2014,225.9,179.21
07-08-2014,226.06,178.7
08-08-2014,225.84,176.62
11-08-2014,225.86,178.01
12-08-2014,227.85,180.23
13-08-2014,228.4,180.26
14-08-2014,229.48,181.58
18-08-2014,230.44,183.65
19-08-2014,230.58,184.41
20-08-2014,230.13,184.03
21-08-2014,229.54,184.53
22-08-2014,230.62,185.02
25-08-2014,229.77,184.57
26-08-2014,230.63,184.52
27-08-2014,230.98,185.19
28-08-2014,231.76,185.48
01-09-2014,233.14,187.54
02-09-2014,234.01,188.84
03-09-2014,234.35,189.67
04-09-2014,233.2,189.26
05-09-2014,232.92,189.09
08-09-2014,234.47,191.17
09-09-2014,234.04,190.89
10-09-2014,233.41,189.43
11-09-2014,232.72,189.4
12-09-2014,232.56,189.86
15-09-2014,231.24,188.5
16-09-2014,229.47,185.46
17-09-2014,229.29,186.49
18-09-2014,232.51,189.84
19-09-2014,232.52,189.77
22-09-2014,233.19,190.26
23-09-2014,231.05,187.11
24-09-2014,230.75,186.69
25-09-2014,228.56,184.42
26-09-2014,229.91,185.99
29-09-2014,229.56,185.95
30-09-2014,229.37,186.07
01-10-2014,229.05,185.57
07-10-2014,226.41,183.33
08-10-2014,227.73,183.13
09-10-2014,229.34,185.99
10-10-2014,227.86,183.49
13-10-2014,228.44,184.11
14-10-2014,228.14,183.79
16-10-2014,227.27,180.72
17-10-2014,226.83,181.7
20-10-2014,228.85,184.11
21-10-2014,229.53,185.29
22-10-2014,230.88,186.95
23-10-2014,231.59,187.46
27-10-2014,230.08,186.86
28-10-2014,230.72,187.66
29-10-2014,231.68,189.06
30-10-2014,233.44,190.83
31-10-2014,234.94,194.34
03-11-2014,235.47,194.55
05-11-2014,234.93,194.75
07-11-2014,234.75,194.92
10-11-2014,235.02,195.12
11-11-2014,234.75,195.66
12-11-2014,235.4,196.39
13-11-2014,234.92,195.78
14-11-2014,235.5,196.57
17-11-2014,237.32,197.61
18-11-2014,237.36,197.83
19-11-2014,236.53,196.72
20-11-2014,236.55,197.22
21-11-2014,237.84,198.72
24-11-2014,239.12,199.87
25-11-2014,238.6,198.08
26-11-2014,239.41,198.31
27-11-2014,239.82,198.84
28-11-2014,240.98,201.01
01-12-2014,238.57,200.36
02-12-2014,239.11,199.91
03-12-2014,240.01,200.59
04-12-2014,240.59,201.2
05-12-2014,240.18,200.46
08-12-2014,237.88,198.13
09-12-2014,236.17,195.68
10-12-2014,237.84,196.3
11-12-2014,236.22,194.8
12-12-2014,235.23,193.06
15-12-2014,234.81,192.85
16-12-2014,232.17,189.02
17-12-2014,231.13,188.19
18-12-2014,232.99,191.72
19-12-2014,234.49,193.09
22-12-2014,236.97,195.33
23-12-2014,234.47,193.95
24-12-2014,233.49,192.05
26-12-2014,233.3,192.73
29-12-2014,234.79,193.88
30-12-2014,234.4,194.2
31-12-2014,235.5,195.13
01-01-2015,235.15,195.25
02-01-2015,236.77,197.7
05-01-2015,236.77,197.31
06-01-2015,233.54,191.44
07-01-2015,232.89,190.93
08-01-2015,234.26,194.15
09-01-2015,234.75,195.09
12-01-2015,236.39,195.99
13-01-2015,236.15,195.48
14-01-2015,235.57,195.03
15-01-2015,239.42,199.73
16-01-2015,241.84,200.34
19-01-2015,242.69,201.2
20-01-2015,246.21,204.13
21-01-2015,247.41,204.88
22-01-2015,247.34,205.58
23-01-2015,249.21,207.39
27-01-2015,249.92,209.03
28-01-2015,250.12,209.32
29-01-2015,250.48,210.05
30-01-2015,249.8,207
02-02-2015,248.96,207.08
03-02-2015,247.83,205.75
04-02-2015,246.52,205.09
05-02-2015,246.5,204.49
06-02-2015,246.05,203.3
09-02-2015,241.99,200.07
10-02-2015,242.56,201.18
11-02-2015,244.21,202.97
12-02-2015,244.83,205.11
13-02-2015,246.7,207.12
16-02-2015,247.71,207.03
18-02-2015,247.65,208.4
19-02-2015,246.66,208.88
20-02-2015,245.5,207.74
23-02-2015,242.8,205.92
24-02-2015,242.9,206.04
25-02-2015,242.7,206.08
26-02-2015,241.69,204.08
27-02-2015,244.57,207.98
02-03-2015,246.32,210.61
03-03-2015,247.3,211.62
04-03-2015,245.14,209.78
05-03-2015,246.52,210.26
09-03-2015,242.35,206.26
10-03-2015,241.29,205.42
11-03-2015,241.01,205.09
12-03-2015,241.84,207.19
13-03-2015,239.12,204.15
16-03-2015,239.2,203.62
17-03-2015,240.16,205.9
18-03-2015,239.25,205.23
19-03-2015,238.08,204.09
20-03-2015,237.86,202.33
23-03-2015,237.46,201.65
24-03-2015,238.1,201.38
25-03-2015,237.66,201.15
26-03-2015,236.11,197.02
27-03-2015,234.36,197
30-03-2015,236.28,200.49
31-03-2015,235.99,200.52
01-04-2015,238.33,202.73
06-04-2015,241.19,204.49
07-04-2015,240.93,204.83
08-04-2015,242,206.15
09-04-2015,242.03,207.47
10-04-2015,242.64,207.73
13-04-2015,243.49,209.06
15-04-2015,241.73,207.12
16-04-2015,241.59,206.03
17-04-2015,240.29,203.54
20-04-2015,237.4,199.75
21-04-2015,236.66,198.15
22-04-2015,236.99,199.2
23-04-2015,235.6,198.67
24-04-2015,234.25,196.36
27-04-2015,232.21,193.97
28-04-2015,234.15,195.9
29-04-2015,233.33,195.06
30-04-2015,233.06,193.93
04-05-2015,234.57,197.47
05-05-2015,234.43,197.55
06-05-2015,230.31,191.98
07-05-2015,230.54,190.39
08-05-2015,232.25,193.71
11-05-2015,234.58,197.05
12-05-2015,232.04,192.51
13-05-2015,234.03,195.32
14-05-2015,235.01,195.47
15-05-2015,235.75,196.35
18-05-2015,237.94,198.94
19-05-2015,236.93,198.77
20-05-2015,237.5,199.96
21-05-2015,237.74,199.81
22-05-2015,237.88,200.6
25-05-2015,236.3,198.83
26-05-2015,235.6,198.17
27-05-2015,234.83,197.86
28-05-2015,234.73,197.32
29-05-2015,236.94,200.06
01-06-2015,236.92,199.95
02-06-2015,235.33,195.37
03-06-2015,232.01,192.95
04-06-2015,232.05,192.92
05-06-2015,231.12,192.67
08-06-2015,230.09,190.86
09-06-2015,229.53,190.35
10-06-2015,231.04,192.7
11-06-2015,227.9,189.05
12-06-2015,228.61,189.47
15-06-2015,229.34,190.13
16-06-2015,229.94,190.99
17-06-2015,230.52,192.34
18-06-2015,232.59,194.14
19-06-2015,233.62,195.32
22-06-2015,235.42,198.35
23-06-2015,235.38,198.96
24-06-2015,234.67,198.38
25-06-2015,235.6,199.29
26-06-2015,235.67,198.9
29-06-2015,234.2,197.3
30-06-2015,235.24,198.67
01-07-2015,236.82,200.74
02-07-2015,236.03,200.91
03-07-2015,236.37,201.68
06-07-2015,237.34,202.64
07-07-2015,237.17,202.56
08-07-2015,234.79,199.24
09-07-2015,234.66,198.5
10-07-2015,234.97,199.12
13-07-2015,236.29,201.48
14-07-2015,235.92,201.44
15-07-2015,237.33,202.84
16-07-2015,238.11,204.92
17-07-2015,239.05,205.14
20-07-2015,238.05,205.03
21-07-2015,236.41,203.03
22-07-2015,236.56,205.45
23-07-2015,236.05,204.6
24-07-2015,234.99,202.99
27-07-2015,232.26,199.37
28-07-2015,231.49,198.81
29-07-2015,231.79,199.72
30-07-2015,232.87,200.89
31-07-2015,234.86,203.49
03-08-2015,235.4,203.97
04-08-2015,234.6,203.93
05-08-2015,234.88,205.25
06-08-2015,235.37,205.81
07-08-2015,235.17,205.22
10-08-2015,234.52,206.34
11-08-2015,234.81,202.97
12-08-2015,233.62,199.9
13-08-2015,233.88,199.92
14-08-2015,236.78,203.87
17-08-2015,235.83,203.22
18-08-2015,236.08,203.17
19-08-2015,236.49,203.77
20-08-2015,235.2,200.88
21-08-2015,235.58,199.17
24-08-2015,226.99,186.63
25-08-2015,227.28,188.74
26-08-2015,224.84,186.71
27-08-2015,227.11,190.7
28-08-2015,228.62,191.9
31-08-2015,228.71,191.1
01-09-2015,225.63,186.85
02-09-2015,223.65,185.22
03-09-2015,225.16,187.66
04-09-2015,222.05,183.69
07-09-2015,219.97,181.04
08-09-2015,222.42,183.75
09-09-2015,224.07,186.96
10-09-2015,223.51,186.5
11-09-2015,223.56,186.53
14-09-2015,224.5,188.67
15-09-2015,223.67,187.54
16-09-2015,225.02,188.7
18-09-2015,227.48,190.6
21-09-2015,227.05,190.55
22-09-2015,223.7,186.82
23-09-2015,223.93,187.43
24-09-2015,226.66,187.89
28-09-2015,224.01,186.19
29-09-2015,224.15,187.19
30-09-2015,226.13,189.89
01-10-2015,225.73,190.16
05-10-2015,229.48,194.15
06-10-2015,230.31,194.9
07-10-2015,231.13,195.4
08-10-2015,229.99,194.05
09-10-2015,231.58,195.24
12-10-2015,231.26,194.31
13-10-2015,230.5,194.01
14-10-2015,230.97,193.56
15-10-2015,232.79,195.06
16-10-2015,233.69,196.3
19-10-2015,234.13,197.24
20-10-2015,234.18,196.99
21-10-2015,234.31,196.63
23-10-2015,234.71,197.35
26-10-2015,233.79,196.52
27-10-2015,233.63,196.06
28-10-2015,232.99,194.73
29-10-2015,232,193.37
30-10-2015,230.94,192.43
02-11-2015,229.7,192.18
03-11-2015,229.59,192.56
04-11-2015,228.66,192.17
05-11-2015,227.08,190.06
06-11-2015,226.15,189.93
09-11-2015,225.69,189.34
10-11-2015,222.86,186.12
11-11-2015,223.27,187.26
13-11-2015,221.37,185.63
16-11-2015,222.6,186.35
17-11-2015,222.47,187.14
18-11-2015,220.35,184.88
19-11-2015,222.57,187.44
20-11-2015,223.06,187.93
23-11-2015,222.76,187.86
24-11-2015,222.06,187.55
26-11-2015,223.2,188.63
27-11-2015,224.03,189.89
30-11-2015,223.71,189.64
01-12-2015,224.34,190.35
02-12-2015,223.7,189.92
03-12-2015,221.86,188.34
04-12-2015,221.09,186.45
07-12-2015,221.75,186.14
08-12-2015,219.91,184.57
09-12-2015,219.53,182.22
10-12-2015,219.51,183.88
11-12-2015,217.64,182.17
14-12-2015,218.04,183.12
15-12-2015,218.76,184.34
16-12-2015,219.71,185.46
17-12-2015,221.7,187.78
18-12-2015,220.06,186.14
21-12-2015,221.55,187.79
22-12-2015,221.21,186.74
23-12-2015,221.87,188.49
24-12-2015,222.33,188.42
28-12-2015,223.08,189.8
29-12-2015,223.5,189.98
30-12-2015,222.71,189.23
31-12-2015,223.27,190.43
01-01-2016,223.7,191.07
04-01-2016,221.55,187.3
05-01-2016,221.89,187.35
06-01-2016,221.38,186.38
07-01-2016,219.21,181.97
08-01-2016,219.36,182.94
11-01-2016,218.82,181.84
12-01-2016,217.75,180.59
13-01-2016,217.65,181.52
14-01-2016,217.91,180.75
15-01-2016,216.62,177.98
18-01-2016,215.22,175.48
19-01-2016,216.22,177.53
20-01-2016,214.4,174.47
21-01-2016,214.11,173.47
22-01-2016,216.69,177
25-01-2016,217.32,177.3
27-01-2016,217.82,177.35
28-01-2016,217.49,176.97
29-01-2016,219.58,180.28
01-02-2016,220.22,180.23
02-02-2016,219.09,177.65
03-02-2016,216.8,175.39
04-02-2016,218.14,176.23
05-02-2016,220.2,178.59
08-02-2016,219.43,176.47
09-02-2016,218.83,174.07
10-02-2016,217.06,172.04
11-02-2016,214.15,166.37
12-02-2016,215.03,166.47
15-02-2016,216.81,171.02
16-02-2016,215.44,168.02
17-02-2016,215.81,169.33
18-02-2016,217.31,171.15
19-02-2016,218.5,171.54
22-02-2016,218.33,172.22
23-02-2016,216.84,169.4
24-02-2016,215.84,167.23
25-02-2016,215.25,166.14
26-02-2016,216.26,167.52
29-02-2016,215.72,166.73
01-03-2016,219.81,172.3
02-03-2016,222.02,175.6
03-03-2016,224,177.94
04-03-2016,225.95,178.37
08-03-2016,226.01,178.41
09-03-2016,225.94,179.42
10-03-2016,224.61,178.38
11-03-2016,226.12,178.95
14-03-2016,227.1,179.61
15-03-2016,224.17,177.77
16-03-2016,224.7,178.41
17-03-2016,225.98,178.92
18-03-2016,226.78,180.91
21-03-2016,228.37,183.33
22-03-2016,229.45,183.66
23-03-2016,228.39,183.73
28-03-2016,226.24,181.27
29-03-2016,225.2,180.9
30-03-2016,228.37,184.12
31-03-2016,229.35,184.34
01-04-2016,227.77,183.84
04-04-2016,227.89,184.83
05-04-2016,226.26,181.27
06-04-2016,226.33,181.66
07-04-2016,225.38,180.17
08-04-2016,226.2,180.49
11-04-2016,228.47,183.08
12-04-2016,229.69,184.04
13-04-2016,231.66,187.22
18-04-2016,233.49,188.82
20-04-2016,233.83,188.85
21-04-2016,234.44,188.79
22-04-2016,233.79,188.58
25-04-2016,232.25,187.5
26-04-2016,234.59,189.85
27-04-2016,235.15,190.29
28-04-2016,233.36,187.26
29-04-2016,234.25,187.44
02-05-2016,234.27,187
03-05-2016,233.33,185.52
04-05-2016,231.61,184.25
05-05-2016,232.54,184.87
06-05-2016,232.6,184.98
09-05-2016,234.87,187.89
10-05-2016,234.9,188.34
11-05-2016,233.92,187.57
12-05-2016,234.63,188.91
13-05-2016,233.31,186.91
16-05-2016,235.24,187.82
17-05-2016,235.2,188.44
18-05-2016,234.77,188.03
19-05-2016,233.14,185.94
20-05-2016,232.76,185.07
23-05-2016,232.14,184.63
24-05-2016,231.61,184.92
25-05-2016,234.47,188.99
26-05-2016,237.49,192.03
27-05-2016,239.21,194.22
30-05-2016,238.81,194.79
31-05-2016,238.73,194.29
01-06-2016,239.29,194.71
02-06-2016,239.97,195.69
03-06-2016,239.37,195.74
06-06-2016,240.32,195.17
07-06-2016,241.18,196.63
08-06-2016,241.66,196.91
09-06-2016,240.64,195.42
10-06-2016,240.53,194.59
13-06-2016,240.21,193.17
14-06-2016,240.36,193.2
15-06-2016,241.26,195.39
16-06-2016,241.95,194.03
17-06-2016,241.04,194.62
20-06-2016,242.42,196.16
21-06-2016,241.94,195.85
22-06-2016,241.12,195.53
23-06-2016,242.23,196.91
24-06-2016,241.82,192.83
27-06-2016,242.5,193.24
28-06-2016,242.71,194.14
29-06-2016,243.7,195.98
30-06-2016,245.55,198.09
01-07-2016,246.69,199.35
04-07-2016,248.21,200.45
05-07-2016,247.08,199.72
07-07-2016,247.99,199.72
08-07-2016,247.57,199.5
11-07-2016,250.76,202.93
12-07-2016,251.19,204.26
13-07-2016,250.91,204.1
14-07-2016,251.53,205.16
15-07-2016,251.19,204.77
18-07-2016,250.24,203.88
19-07-2016,250.76,204.4
20-07-2016,251.58,205.4
21-07-2016,250.37,204.32
22-07-2016,251.14,205.36
25-07-2016,253.04,207.63
26-07-2016,252.66,206.68
27-07-2016,252.69,207.4
28-07-2016,254.06,208.54
29-07-2016,253.85,208.04
01-08-2016,254.87,208.1
02-08-2016,255.72,207.59
03-08-2016,254.1,205.42
04-08-2016,254.17,205.75
05-08-2016,257.43,209.05
08-08-2016,256.03,209.97
09-08-2016,255.84,209.09
10-08-2016,255.02,206.45
11-08-2016,254.41,206.88
12-08-2016,255.71,208.8
16-08-2016,255.17,208.37
17-08-2016,254.41,208.22
18-08-2016,255.95,209.35
19-08-2016,256.01,209.31
22-08-2016,254.8,208.34
23-08-2016,254.73,208.22
24-08-2016,255.25,208.87
25-08-2016,254.05,207.51
26-08-2016,253.54,207.21
29-08-2016,253.42,207.95
30-08-2016,256.07,210.95
31-08-2016,257.34,211.84
01-09-2016,256.18,211.54
02-09-2016,256.71,212.35
06-09-2016,259.91,215.6
07-09-2016,260.48,215.18
08-09-2016,261.26,216.01
09-09-2016,259.35,213.96
12-09-2016,257.03,209.92
14-09-2016,256.93,210.5
15-09-2016,256.42,210.66
16-09-2016,257.01,211.5
19-09-2016,257.97,212.18
20-09-2016,257.93,211.53
21-09-2016,257.86,211.53
22-09-2016,259.55,213.8
23-09-2016,258.94,213.12
26-09-2016,257.33,210.8
27-09-2016,256.36,210.43
28-09-2016,256.57,211.45
29-09-2016,255.16,207.12
30-09-2016,254.1,208.16
03-10-2016,256.57,211.65
04-10-2016,256.74,212.51
05-10-2016,255.64,212.06
06-10-2016,254.32,211.34
07-10-2016,253.86,211.01
10-10-2016,255.54,211.17
13-10-2016,251.34,207.88
14-10-2016,251.79,208.23
17-10-2016,250.09,206.75
18-10-2016,252.89,210.55
19-10-2016,252.67,210.27
20-10-2016,253.72,211.13
21-10-2016,253.46,211.06
24-10-2016,253.52,211.29
25-10-2016,253.16,210.97
26-10-2016,251.62,209.08
27-10-2016,251.83,208.68
28-10-2016,252.43,209.62
01-11-2016,252.47,209.58
02-11-2016,251.31,206.67
03-11-2016,250.9,205.62
04-11-2016,249.61,204.15
07-11-2016,251.18,205.66
08-11-2016,253.25,206.72
09-11-2016,250.52,203.83
10-11-2016,252.79,206.26
11-11-2016,246.43,200.49
15-11-2016,242.17,195.26
16-11-2016,241.81,195.56
17-11-2016,240.98,194.93
18-11-2016,238.84,194.96
21-11-2016,236.39,191.22
22-11-2016,238.08,193.19
23-11-2016,238.67,194.26
24-11-2016,237.46,192.87
25-11-2016,238.81,196.39
28-11-2016,240.19,196.88
29-11-2016,240.46,197.22
30-11-2016,241.28,199.27
01-12-2016,239.7,198.31
02-12-2016,237.26,195.74
05-12-2016,238.11,196.88
06-12-2016,238.48,197.26
07-12-2016,237.3,196.39
08-12-2016,239.96,199.9
09-12-2016,239.87,200.1
12-12-2016,237.98,197.85
13-12-2016,238.82,198.73
14-12-2016,237.78,197.64
15-12-2016,236.82,197.01
16-12-2016,235.59,196.66
19-12-2016,235.5,195.74
20-12-2016,234.8,195.03
21-12-2016,234.58,194.59
22-12-2016,232.3,192.38
23-12-2016,232.38,192.37
26-12-2016,231,190.25
27-12-2016,233.87,193.34
28-12-2016,234.44,193.52
29-12-2016,235.9,195.28
30-12-2016,238.22,197.29
02-01-2017,238.09,197.45
03-01-2017,237.95,197.97
04-01-2017,238.92,197.89
05-01-2017,240.96,200.1
06-01-2017,240.65,199.42
09-01-2017,240.61,199.28
10-01-2017,241.54,200.68
11-01-2017,244.03,202.96
12-01-2017,244.99,203.61
13-01-2017,244.68,203.51
16-01-2017,245.41,203.98
17-01-2017,245.57,203.66
18-01-2017,246.11,204.26
19-01-2017,245.97,204.72
20-01-2017,244.35,202.48
23-01-2017,244.99,203.63
24-01-2017,246.63,205.69
25-01-2017,248.59,208.72
27-01-2017,248.79,209.68
30-01-2017,248.29,209.71
31-01-2017,247.53,207.71
01-02-2017,250.88,211.56
02-02-2017,251.53,212.15
03-02-2017,251.44,212.33
06-02-2017,253.03,213.94
07-02-2017,253.42,213.16
08-02-2017,253.71,213.36
09-02-2017,253.46,213.56
10-02-2017,252.87,213.78
13-02-2017,252.89,214.02
14-02-2017,253.35,213.41
15-02-2017,251.65,211.6
16-02-2017,253.14,213.29
17-02-2017,254.52,214.42
20-02-2017,255.37,215.81
21-02-2017,255.29,216.7
22-02-2017,256.57,216.86
23-02-2017,256.89,216.99
27-02-2017,256.71,216.08
28-02-2017,256.39,215.85
01-03-2017,258,217.23
02-03-2017,256.77,215.77
03-03-2017,256.02,215.71
06-03-2017,257.37,217.25
07-03-2017,256.4,216.88
08-03-2017,255.18,216.3
09-03-2017,255.89,216.3
10-03-2017,255.43,216.38
14-03-2017,257.57,220.04
15-03-2017,256.57,220.23
16-03-2017,259.03,222.13
17-03-2017,259.05,222.25
20-03-2017,258.87,221.58
21-03-2017,258.99,221.27
22-03-2017,257.73,219.08
23-03-2017,259.28,220.58
24-03-2017,259.77,221.03
27-03-2017,258.6,219.61
28-03-2017,259.1,221.02
29-03-2017,259.48,221.91
30-03-2017,260.47,222.67
31-03-2017,260.22,222.82
03-04-2017,261.21,224.27
05-04-2017,262.31,225.19
06-04-2017,262.39,225.25
07-04-2017,261.64,223.94
10-04-2017,260.64,223.84
11-04-2017,261.61,225.18
12-04-2017,262.03,224.55
13-04-2017,261.54,223.42
17-04-2017,261.51,223.1
18-04-2017,260.52,222.01
19-04-2017,260.4,222.2
20-04-2017,260.97,223
21-04-2017,260.74,222.74
24-04-2017,262.1,225.06
25-04-2017,263.43,227.43
26-04-2017,263.92,228.28
27-04-2017,263.78,227.9
28-04-2017,263.3,227.18
02-05-2017,262.71,227.57
03-05-2017,262.53,227.51
04-05-2017,262.62,228.59
05-05-2017,261.69,226.55
08-05-2017,261.33,227.29
09-05-2017,261.45,227.64
10-05-2017,263.08,229.97
11-05-2017,262.83,230.34
12-05-2017,262.62,229.73
15-05-2017,263.4,230.95
16-05-2017,264.98,232.31
17-05-2017,265.8,232.38
18-05-2017,265.47,229.64
19-05-2017,265.22,229.4
22-05-2017,265.31,229.3
23-05-2017,264.82,227.75
24-05-2017,263.86,226.68
25-05-2017,266.43,230.09
26-05-2017,268.64,232.64
29-05-2017,268.87,232.49
30-05-2017,269.15,233.15
31-05-2017,268.92,233.24
01-06-2017,269.21,233.22
02-06-2017,269.7,234.21
05-06-2017,271.37,234.93
06-06-2017,271.01,233.89
07-06-2017,271.32,234.65
08-06-2017,271.04,234.43
09-06-2017,270.85,235
12-06-2017,269.5,233.87
13-06-2017,269.43,233.71
14-06-2017,269.29,233.83
15-06-2017,268.51,232.97
16-06-2017,268.35,233.27
19-06-2017,269.59,234.83
20-06-2017,269.58,234.8
21-06-2017,269.25,234.4
22-06-2017,269.22,234.06
23-06-2017,268.36,232.47
27-06-2017,266.89,230.9
28-06-2017,266.49,230.59
29-06-2017,266.19,230.87
30-06-2017,266.46,231.49
03-07-2017,267.76,233.88
04-07-2017,267.18,233.79
05-07-2017,267.63,234.57
06-07-2017,268.63,235.49
07-07-2017,267.98,235.31
10-07-2017,269.01,237.8
11-07-2017,269.88,237.86
12-07-2017,270.38,238.81
13-07-2017,272.08,240.68
14-07-2017,271.6,240.58
17-07-2017,273.05,241.24
18-07-2017,272.01,239.18
19-07-2017,273.35,241.17
20-07-2017,272.95,240.48
21-07-2017,273.96,241.44
24-07-2017,275.65,242.53
25-07-2017,275.54,242.6
26-07-2017,275.89,243.78
27-07-2017,276.89,243.57
28-07-2017,275.97,243.69
31-07-2017,277.42,245.2
01-08-2017,277.85,245.9
02-08-2017,277.78,245.02
03-08-2017,276.23,243.71
04-08-2017,278.34,245.25
07-08-2017,277.07,245.58
08-08-2017,276.06,243.48
09-08-2017,275.03,241.35
10-08-2017,272.95,238.51
11-08-2017,272.03,236.24
14-08-2017,273.66,238.76
16-08-2017,275.08,241.25
17-08-2017,276.35,241.37
18-08-2017,275.56,239.91
21-08-2017,272.95,237.6
22-08-2017,273.09,237.64
23-08-2017,274.67,239.92
24-08-2017,275.15,240.34
28-08-2017,277.03,241.86
29-08-2017,276.38,239.05
30-08-2017,277.29,241.44
31-08-2017,277.52,242.11
01-09-2017,279.77,243.66
04-09-2017,279.22,242.18
05-09-2017,279.72,243.2
06-09-2017,279.82,242.51
07-09-2017,279.89,243.08
08-09-2017,280.21,242.9
11-09-2017,280.97,244.66
12-09-2017,281.89,246.8
13-09-2017,281.97,246.38
14-09-2017,281.76,246.67
15-09-2017,282,246.54
18-09-2017,282.75,248.08
19-09-2017,282.6,248.08
20-09-2017,282.89,247.83
21-09-2017,281.62,247.18
22-09-2017,278.89,242.92
25-09-2017,277.37,240.53
26-09-2017,277.71,240.6
27-09-2017,275.65,237.11
28-09-2017,275.92,237.9
29-09-2017,275.73,238.75
03-10-2017,276.45,240.58
04-10-2017,277.37,241.81
05-10-2017,276.81,241.38
06-10-2017,278.92,243.55
09-10-2017,279.81,243.79
10-10-2017,280.26,244.59
11-10-2017,279.68,243.69
12-10-2017,282.11,246.41
13-10-2017,284.27,247.95
16-10-2017,285.24,249.37
17-10-2017,284.8,249.62
18-10-2017,283.95,249.07
23-10-2017,283.36,248.5
24-10-2017,282.79,248.89
25-10-2017,284.59,251.18
26-10-2017,285.3,252.32
27-10-2017,284.48,252.17
30-10-2017,285.92,253.44
31-10-2017,285.38,252.8
01-11-2017,287.07,255.32
02-11-2017,286.84,255.12
03-11-2017,287.26,255.76
06-11-2017,286.89,256.03
07-11-2017,286.1,253.31
08-11-2017,285.12,252.02
09-11-2017,284.89,252.4
10-11-2017,285.38,252.53
13-11-2017,284.06,250.25
14-11-2017,283.05,249.34
15-11-2017,282.09,247.48
16-11-2017,283.04,249.92
17-11-2017,284.47,251.87
20-11-2017,285.68,252.22
21-11-2017,285.35,252.87
22-11-2017,285.54,253.14
23-11-2017,285.89,253.26
24-11-2017,286.7,254.27
27-11-2017,286.65,254.57
28-11-2017,286.34,254.02
29-11-2017,286.28,253.83
30-11-2017,283.68,250.68
01-12-2017,281.35,248.12
04-12-2017,281.11,248.27
05-12-2017,281.1,248.1
06-12-2017,279.15,246.18
07-12-2017,281.19,249.36
08-12-2017,282.18,251.79
11-12-2017,282.7,253.08
12-12-2017,281.35,250.98
13-12-2017,280.28,249.62
14-12-2017,281.3,250.86
15-12-2017,282.84,252.87
18-12-2017,283.87,254.38
19-12-2017,285.78,256.49
20-12-2017,285.32,256.12
21-12-2017,285.24,256.22
22-12-2017,286.3,257.5
26-12-2017,287.6,258.48
27-12-2017,288.02,257.44
28-12-2017,288.19,257.18
29-12-2017,288.75,258.55
01-01-2018,288.12,256.49
02-01-2018,287.54,256.53
03-01-2018,287.86,256.78
04-01-2018,288.66,258.48
05-01-2018,289.82,260.11
08-01-2018,290.9,261.74
09-01-2018,291.58,261.84
10-01-2018,292.29,261.66
11-01-2018,292.85,262.02
12-01-2018,293.84,262.64
15-01-2018,295.57,263.79
16-01-2018,294.93,262.26
17-01-2018,296.06,264.38
18-01-2018,296.36,264.42
19-01-2018,297.95,266.33
22-01-2018,299.09,268.11
23-01-2018,301.85,270.82
24-01-2018,302.31,270.61
25-01-2018,302.48,269.7
29-01-2018,303.16,270.8
30-01-2018,301.46,268.89
31-01-2018,300.95,268.16
01-02-2018,301.05,267.96
02-02-2018,297.55,261.52
05-02-2018,295.21,259.46
06-02-2018,292.9,255.41
07-02-2018,291.37,255.24
08-02-2018,292.4,257.93
09-02-2018,290.56,255.28
12-02-2018,292.44,257.61
14-02-2018,291.97,256.74
15-02-2018,294.15,257.3
16-02-2018,292.92,254.93
19-02-2018,291.1,252.98
20-02-2018,290.45,252.78
21-02-2018,290.72,253.38
22-02-2018,290.29,252.72
23-02-2018,292.24,255.55
26-02-2018,294.37,257.81
27-02-2018,293.61,257.08
28-02-2018,292.57,255.64
01-03-2018,291.16,254.66
05-03-2018,290.1,252.18
06-03-2018,287.76,249.56
07-03-2018,286.31,247.16
08-03-2018,287.67,248.97
09-03-2018,287.25,248.65
12-03-2018,290.97,252.96
13-03-2018,290.68,253.53
14-03-2018,290.84,253.25
15-03-2018,289.61,252.22
16-03-2018,286.54,248.45
19-03-2018,284.42,245.81
20-03-2018,284.6,246.62
21-03-2018,285.13,247.41
22-03-2018,285.11,246.43
23-03-2018,284,243.78
26-03-2018,285.98,247.07
27-03-2018,287.02,248.46
28-03-2018,286.1,246.62
02-04-2018,287.78,249.39
03-04-2018,288.85,250.52
04-04-2018,286.98,247.69
05-04-2018,289.48,252.46
06-04-2018,289.11,253.02
09-04-2018,290.49,254.02
10-04-2018,291.44,254.44
11-04-2018,292.64,254.81
12-04-2018,293.99,255.61
13-04-2018,293.64,256.06
16-04-2018,295.39,257.23
17-04-2018,295.46,257.72
18-04-2018,295.5,257.22
19-04-2018,296.2,258.31
20-04-2018,295.73,258.12
23-04-2018,296.52,258.74
24-04-2018,296.77,259.43
25-04-2018,296.2,258.44
26-04-2018,297.08,259.34
27-04-2018,298.23,261.14
30-04-2018,298.93,262.33
02-05-2018,298.03,261.39
03-05-2018,297.46,260.1
04-05-2018,296.74,258.58
07-05-2018,298.59,260.9
08-05-2018,298.42,260.83
09-05-2018,299.34,261.14
10-05-2018,299.43,260.14
11-05-2018,301.08,262.01
14-05-2018,301.25,261.82
15-05-2018,300.98,261.58
16-05-2018,298.73,260.28
17-05-2018,297.32,259.06
18-05-2018,295.81,256.74
21-05-2018,294.46,254.54
22-05-2018,295.41,255.44
23-05-2018,293.04,253.03
24-05-2018,294.41,254.83
25-05-2018,296.53,257.35
28-05-2018,298.31,259.69
29-05-2018,297.91,258.51
30-05-2018,297.25,258
31-05-2018,299.19,260.41
01-06-2018,298.27,259.23
04-06-2018,296.23,257.49
05-06-2018,296.05,256.38
06-06-2018,297.63,258.83
07-06-2018,299.47,261.06
08-06-2018,300.14,261.21
11-06-2018,300.44,261.63
12-06-2018,301.05,263.06
13-06-2018,301.08,263.28
14-06-2018,300.84,262.19
15-06-2018,301.46,262.11
18-06-2018,300.35,261.56
19-06-2018,298.91,259.42
20-06-2018,299.37,260.69
21-06-2018,297.98,259.84
22-06-2018,299.81,261.72
25-06-2018,298.92,259.97
26-06-2018,298.91,260.17
27-06-2018,296.82,257.65
28-06-2018,295.27,255.49
29-06-2018,297.03,258.75
02-07-2018,296.72,257.25
03-07-2018,297.67,258.29
04-07-2018,298.72,259.68
05-07-2018,298.8,259.1
06-07-2018,299.76,259.78
09-07-2018,300.89,261.71
10-07-2018,302.13,264.05
11-07-2018,302.05,263.77
12-07-2018,302.65,265.25
13-07-2018,302.6,264.99
16-07-2018,301.84,262.46
17-07-2018,302.33,264.33
18-07-2018,300.67,263.35
19-07-2018,300.79,262.68
20-07-2018,302.43,263.98
23-07-2018,303.81,266.12
24-07-2018,304.18,268.06
25-07-2018,304.64,267.97
26-07-2018,304.8,269.05
27-07-2018,306.57,271.66
30-07-2018,307.56,272.9
31-07-2018,308.18,273.82
01-08-2018,308,273.72
02-08-2018,306.47,271.51
03-08-2018,308.34,274.17
06-08-2018,308.62,274.77
07-08-2018,308.71,274.8
08-08-2018,309.38,276.12
09-08-2018,309.6,276.7
10-08-2018,309.12,275.55
13-08-2018,308.33,273.6
14-08-2018,309.63,275.46
16-08-2018,308.42,274.15
17-08-2018,310.09,276.49
20-08-2018,311.02,278.63
21-08-2018,312.35,279.19
23-08-2018,312.52,279.64
24-08-2018,312.31,279.05
27-08-2018,315.41,282.19
28-08-2018,316.98,283.1
29-08-2018,316.5,282.4
30-08-2018,316.23,282.23
31-08-2018,316.79,282.51
03-09-2018,314.13,280.18
04-09-2018,313.66,277.7
05-09-2018,312.85,276.58
06-09-2018,314.41,278.09
07-09-2018,315.37,279.61
10-09-2018,313.03,275.8
11-09-2018,310.22,271.97
12-09-2018,311.67,273.85
14-09-2018,313.73,277.53
17-09-2018,312.18,274.35
18-09-2018,310.82,271.75
19-09-2018,310.25,270.66
21-09-2018,307.85,268.02
24-09-2018,304.49,263.27
25-09-2018,306.3,265.67
26-09-2018,305.83,265.48
27-09-2018,303.89,263.29
28-09-2018,302.21,261.87
01-10-2018,304.19,263.54
03-10-2018,304.47,259.98
04-10-2018,298.55,254.06
05-10-2018,293.64,247.37
08-10-2018,293.28,247.69
09-10-2018,292.53,246.51
10-10-2018,295.88,250.85
11-10-2018,292.12,245.53
12-10-2018,297.48,251.16
15-10-2018,299.43,252.14
16-10-2018,299.91,254.1
17-10-2018,297.7,250.63
19-10-2018,294.93,247.23
22-10-2018,293.69,245.86
23-10-2018,292.4,243.4
24-10-2018,293.47,245.14
25-10-2018,291.84,242.61
26-10-2018,290.22,240.67
29-10-2018,293.7,246.02
30-10-2018,292.78,245.1
31-10-2018,296.19,249.59
01-11-2018,296.7,249.66
02-11-2018,298.81,253.78
05-11-2018,299.53,253.27
06-11-2018,299.25,253.21
09-11-2018,299.33,254.74
12-11-2018,296.35,252.19
13-11-2018,298.2,254.36
14-11-2018,297.53,254.27
15-11-2018,297.97,255.24
16-11-2018,298.92,256.74
19-11-2018,300.38,258.62
20-11-2018,299.05,255.96
21-11-2018,297.46,255.05
22-11-2018,296.74,253.28
26-11-2018,297.87,255.53
27-11-2018,298.24,256.68
28-11-2018,298.11,257.49
29-11-2018,301.4,260.45
30-11-2018,300.9,261.07
03-12-2018,302.37,261.33
04-12-2018,302.97,260.93
05-12-2018,300.64,258.64
06-12-2018,298.44,254.33
07-12-2018,299.76,256.41
10-12-2018,297.9,251.52
11-12-2018,299.48,253.29
12-12-2018,301.96,257.97
13-12-2018,302.29,259.44
14-12-2018,302.26,259.85
17-12-2018,303.94,261.86
18-12-2018,304.09,262.45
19-12-2018,304.78,264.16
20-12-2018,304.79,263.64
21-12-2018,301.71,259.04
24-12-2018,300.78,256.66
26-12-2018,302.15,258.17
27-12-2018,303.47,259.27
28-12-2018,304.91,261.29
31-12-2018,304.69,261.49
01-01-2019,305.78,262.4
02-01-2019,304.24,259.65
03-01-2019,302.69,256.89
04-01-2019,303.36,258.1
07-01-2019,303.26,259.02
08-01-2019,303.61,259.64
09-01-2019,304.94,260.74
10-01-2019,305.7,260.18
11-01-2019,304.5,259.51
14-01-2019,303.77,258.08
15-01-2019,306.49,261.44
16-01-2019,307.79,261.53
17-01-2019,308.15,261.82
18-01-2019,307.02,261.48
21-01-2019,308.02,262.51
22-01-2019,307.72,261.83
23-01-2019,306.32,259.72
24-01-2019,306.14,260.05
25-01-2019,305.37,258.15
28-01-2019,304.25,255.06
29-01-2019,304.89,254.9
30-01-2019,304.73,254.89
31-01-2019,308.61,258.82
01-02-2019,309.73,260.47
04-02-2019,310.56,260.56
05-02-2019,311.46,260.77
06-02-2019,313.28,263.75
07-02-2019,312.63,264.29
08-02-2019,310.38,261.11
11-02-2019,309.86,259.61
12-02-2019,308.36,258.23
13-02-2019,307.68,257.11
14-02-2019,307,256.27
15-02-2019,306.7,255.27
18-02-2019,306.36,253.28
19-02-2019,306.05,252.57
20-02-2019,308.31,255.72
21-02-2019,308.39,257.14
22-02-2019,308.05,257.43
25-02-2019,309.68,259.41
26-02-2019,309.52,258.47
27-02-2019,308.37,258
28-02-2019,308.91,257.96
01-03-2019,308.17,259.85
05-03-2019,308.45,263.07
06-03-2019,309.9,264.69
07-03-2019,309.57,264.64
08-03-2019,310.16,264.2
11-03-2019,312.92,267.74
12-03-2019,314.79,270.67
13-03-2019,316.23,271.31
14-03-2019,315.28,271.21
15-03-2019,317.43,272.9
18-03-2019,316.85,273.72
19-03-2019,319.01,275.29
20-03-2019,318.19,274.93
22-03-2019,317.74,273.34
25-03-2019,315.55,270.78
26-03-2019,318.37,273.79
27-03-2019,317.94,272.92
28-03-2019,319.16,275.83
29-03-2019,320.64,277.47
01-04-2019,320.72,278.5
02-04-2019,321.2,279.17
03-04-2019,320.12,277.6
04-04-2019,320.04,276.63
05-04-2019,321.29,278.2
08-04-2019,321.19,276.79
09-04-2019,321.94,278.33
10-04-2019,320.58,276.41
11-04-2019,320.43,276.79
12-04-2019,321.61,277.91
15-04-2019,321.94,279.06
16-04-2019,323.61,281.26
18-04-2019,322.72,280.4
22-04-2019,320.01,276.46
23-04-2019,319.59,276.03
24-04-2019,321.83,279.37
25-04-2019,321.7,277.43
26-04-2019,323.35,279.77
30-04-2019,323.36,279.48
02-05-2019,321.77,278.8
03-05-2019,321.32,278.39
06-05-2019,319.97,275.58
07-05-2019,318.33,273.26
08-05-2019,315.93,269.98
09-05-2019,314.14,268.69
10-05-2019,314.19,268.12
13-05-2019,312.36,264.78
14-05-2019,314.54,266.38
15-05-2019,313.93,264.87
16-05-2019,314.27,266.94
17-05-2019,316.8,270.33
20-05-2019,323.44,280.18
21-05-2019,321.96,277.41
22-05-2019,322.31,277.99
23-05-2019,321.41,276.45
24-05-2019,324.92,281.13
27-05-2019,326.16,282.99
28-05-2019,326.45,283.22
29-05-2019,326.01,281.55
30-05-2019,326.78,283.34
31-05-2019,327.54,283.1
03-06-2019,330.91,286.93
04-06-2019,330.9,285.32
06-06-2019,328.44,280.86
07-06-2019,328.68,281.43
10-06-2019,329.73,282.6
11-06-2019,328.97,283.7
12-06-2019,328.59,282.18
13-06-2019,329.37,282.32
14-06-2019,329.14,280.07
17-06-2019,325.46,276.39
18-06-2019,325.94,276.83
19-06-2019,325.62,276.62
20-06-2019,330.86,280.11
21-06-2019,329.39,277.79
24-06-2019,329.71,277.33
25-06-2019,332.35,279.42
26-06-2019,331.46,280.76
27-06-2019,331.54,280.82
28-06-2019,331.25,279.66
01-07-2019,331.14,281.44
02-07-2019,331.97,282.47
03-07-2019,334.04,282.79
04-07-2019,334.39,283.49
05-07-2019,332.72,280.18
08-07-2019,327.91,274.21
09-07-2019,326.75,274.34
10-07-2019,326.37,272.88
11-07-2019,329.37,274.87
12-07-2019,328.07,274.31
15-07-2019,329.15,275.2
16-07-2019,330.63,277.1
17-07-2019,331.02,277.69
18-07-2019,331.27,275.41
19-07-2019,328.57,271.12
22-07-2019,325.98,269.64
23-07-2019,325.33,269.17
24-07-2019,324.44,267.38
25-07-2019,324.2,267.19
26-07-2019,324.31,268.19
29-07-2019,322.47,265.75
30-07-2019,320.79,263.13
31-07-2019,320.96,264.11
01-08-2019,317.87,260.8
02-08-2019,320.69,261.26
05-08-2019,320.79,258.19
06-08-2019,322.8,260.29
07-08-2019,322.6,258.21
08-08-2019,326.22,262.29
09-08-2019,327.89,264.13
13-08-2019,326.36,259.54
14-08-2019,326.38,262.05
16-08-2019,327.36,262.54
19-08-2019,327.7,262.64
20-08-2019,327.73,261.62
21-08-2019,325.02,259.18
22-08-2019,322.47,255.06
23-08-2019,323.75,257.16
26-08-2019,331,262.49
27-08-2019,331.65,263.93
28-08-2019,331.41,262.54
29-08-2019,330.06,260.53
30-08-2019,329.59,262.55
03-09-2019,327.84,257.14
04-09-2019,328.95,258.06
05-09-2019,328.9,258.31
06-09-2019,327.47,260.5
09-09-2019,328.88,261.79
11-09-2019,328.35,262.7
12-09-2019,327.11,261.57
13-09-2019,328.65,263.73
16-09-2019,327.37,262.19
17-09-2019,324.51,257.76
18-09-2019,323.98,258.45
19-09-2019,320.49,255.34
20-09-2019,331.8,269.07
23-09-2019,339.13,276.46
24-09-2019,338.56,276.26
25-09-2019,336.93,272.59
26-09-2019,338.36,275.72
27-09-2019,337.23,274.52
30-09-2019,336.06,273.33
01-10-2019,332.99,270.61
03-10-2019,333.9,269.37
04-10-2019,331.63,266.04
07-10-2019,330.27,264.53
09-10-2019,334.22,268.87
10-10-2019,332.83,267.02
11-10-2019,334.63,268.62
14-10-2019,335.2,269.63
15-10-2019,337.64,271.71
16-10-2019,337.2,272.75
17-10-2019,340.32,275.81
18-10-2019,342.13,277.87
22-10-2019,340.88,276.55
23-10-2019,341.34,276.84
24-10-2019,340.43,276.28
25-10-2019,341.3,276.18
29-10-2019,344.34,281.07
30-10-2019,345.36,282.51
31-10-2019,347.01,283.31
01-11-2019,348.6,283.56
04-11-2019,349.02,284.53
05-11-2019,348.18,283.76
06-11-2019,348.28,284.89
07-11-2019,349.02,286.04
08-11-2019,346.38,283.49
11-11-2019,347.36,283.69
13-11-2019,346.66,281.98
14-11-2019,346.42,282.46
15-11-2019,346.45,282.97
18-11-2019,345.51,282.69
19-11-2019,347.65,283.72
20-11-2019,348.94,285.17
21-11-2019,348.04,284.38
22-11-2019,347.74,283.17
25-11-2019,349.27,286.97
26-11-2019,348.62,285.98
27-11-2019,349.27,287.56
28-11-2019,350.4,288.99
29-11-2019,348.91,286.73
02-12-2019,349.13,286.56
03-12-2019,348.06,285.16
04-12-2019,349.87,286.22
05-12-2019,349.08,285.41
06-12-2019,347.06,283.02
09-12-2019,346.07,283.22
10-12-2019,344.95,281.16
11-12-2019,345.98,282.43
12-12-2019,347.74,283.99
13-12-2019,349.08,286.74
16-12-2019,349.03,285.85
17-12-2019,351.32,288.3
18-12-2019,352.83,289.6
19-12-2019,354.52,290.53
20-12-2019,355.1,290.99
23-12-2019,354.31,290.79
24-12-2019,353.69,289.78
26-12-2019,352.98,287.83
27-12-2019,355.12,290.55
30-12-2019,356.94,290.77
31-12-2019,355.25,288.74
01-01-2020,355.46,289
02-01-2020,356.85,291.39
03-01-2020,359.27,290.17
06-01-2020,357.08,284.57
07-01-2020,355.82,286.08
08-01-2020,357.29,285.53
09-01-2020,357.47,289.96
10-01-2020,357.68,290.9
13-01-2020,358.6,292.71
14-01-2020,359.76,293.46
15-01-2020,360.69,293.24
16-01-2020,360.49,293.51
17-01-2020,360.72,293.53
20-01-2020,358.88,290.51
21-01-2020,357.58,289.2
22-01-2020,356.65,287.87
23-01-2020,357.91,289.8
24-01-2020,360.04,291.54
27-01-2020,358.77,288.62
28-01-2020,357.16,287.22
29-01-2020,358.09,288.95
30-01-2020,357.11,286.33
31-01-2020,355.83,284.48
01-02-2020,352.15,-
03-02-2020,350.66,278.21
04-02-2020,354.12,284.58
05-02-2020,355.52,287.43
06-02-2020,358.34,288.88
07-02-2020,357.27,288.3
10-02-2020,357.5,286.8
11-02-2020,357.85,288.23
12-02-2020,359.38,290.15
13-02-2020,360.18,289.54
14-02-2020,358.1,287.86
17-02-2020,357.31,286.01
18-02-2020,356.99,284.76
19-02-2020,361.16,288.28
20-02-2020,361.06,287.41
24-02-2020,361.44,281.42
25-02-2020,357.16,280.49
26-02-2020,354.91,277.5
27-02-2020,353.7,276.48
28-02-2020,345.3,266.34
02-03-2020,342.51,264.82
03-03-2020,346.66,269.04
04-03-2020,348,267.68
05-03-2020,348.26,268.26
06-03-2020,346.43,261.72
09-03-2020,333.9,249.09
11-03-2020,332.44,248.97
12-03-2020,315.74,228.16
13-03-2020,318.08,236.55
16-03-2020,307.46,219.29
17-03-2020,298.76,214.31
18-03-2020,294.64,202.6
19-03-2020,281.2,197.44
20-03-2020,290.72,208.34
23-03-2020,269.15,181.68
24-03-2020,276.24,185.88
25-03-2020,286.69,197.43
26-03-2020,292.05,205.52
27-03-2020,293.8,205.87
30-03-2020,294.63,197.83
31-03-2020,295.23,205.5
01-04-2020,289.48,197.8
03-04-2020,284.55,193.94
07-04-2020,299.68,210.29
08-04-2020,300.88,209.97
09-04-2020,310.86,218.48
13-04-2020,313.43,216.01
15-04-2020,312.9,214.85
16-04-2020,315.35,216.47
17-04-2020,319.2,222.5
20-04-2020,316.58,222.24
21-04-2020,312.36,215.96
22-04-2020,317.66,220.59
23-04-2020,320.45,223.28
24-04-2020,317.22,219.45
27-04-2020,319.91,222.7
28-04-2020,322.25,224.66
29-04-2020,325.51,228.55
30-04-2020,332.85,235.53
04-05-2020,321.13,222.51
05-05-2020,315.79,220.27
06-05-2020,317.28,221.91
07-05-2020,314.56,220.1
08-05-2020,316.78,221.45
11-05-2020,316.19,221.52
12-05-2020,315.79,220.59
13-05-2020,319.05,224.83
14-05-2020,315.16,219.67
15-05-2020,315.11,219.37
18-05-2020,309.74,211.93
19-05-2020,307.95,213.24
20-05-2020,313.43,217.69
21-05-2020,313.38,218.88
22-05-2020,312.58,217.17
26-05-2020,311.76,217
27-05-2020,315.86,222.93
28-05-2020,321.09,227.08
29-05-2020,322.9,229.7
01-06-2020,330.24,235.28
02-06-2020,333.48,238.65
03-06-2020,333.84,240.55
04-06-2020,333.47,240.02
05-06-2020,337.48,242.99
08-06-2020,337.22,243.52
09-06-2020,335.22,240.81
10-06-2020,337.21,242.23
11-06-2020,333.43,237.3
12-06-2020,334.53,239.09
15-06-2020,330.91,235.5
16-06-2020,333.5,237.65
17-06-2020,332.39,237.01
18-06-2020,337.43,241.44
19-06-2020,341.29,244.96
22-06-2020,344.3,247
23-06-2020,347.37,250.92
24-06-2020,345.18,247.13
25-06-2020,343.2,246.81
26-06-2020,345.92,248.8
29-06-2020,345.17,247.06
30-06-2020,344.95,246.82
01-07-2020,349.27,249.46
02-07-2020,349.75,252.22
03-07-2020,350.56,253.63
06-07-2020,354.63,257
07-07-2020,355.81,257.91
08-07-2020,355.48,255.86
09-07-2020,358.95,258.02
10-07-2020,357.11,257.01
13-07-2020,358.32,257.81
14-07-2020,353.73,253.45
15-07-2020,354.06,253.48
16-07-2020,356.26,256.07
17-07-2020,359.48,259.98
20-07-2020,362.7,262.65
21-07-2020,366.42,265.58
22-07-2020,366.98,264.77
23-07-2020,370.63,266.77
24-07-2020,371.45,265.91
27-07-2020,373.86,264.34
28-07-2020,376.38,268.04
29-07-2020,375.95,266.22
30-07-2020,373.16,264.34
31-07-2020,374.73,264.15
03-08-2020,371.02,260.22
04-08-2020,374.98,264.64
05-08-2020,378.09,264.75
06-08-2020,381.22,267.03
07-08-2020,382.6,267.41
10-08-2020,382.09,269.09
11-08-2020,380.45,269.99
12-08-2020,376.26,269.69
13-08-2020,377.36,269.7
14-08-2020,375.46,266.84
17-08-2020,376.41,268.38
18-08-2020,381.64,271.66
19-08-2020,380.94,272.19
20-08-2020,376.46,270.17
21-08-2020,378.07,271.51
24-08-2020,379.5,273.47
25-08-2020,377.95,273.62
26-08-2020,379.44,275.24
27-08-2020,380.4,275.6
28-08-2020,383.01,277.53
31-08-2020,376.97,270.57
01-09-2020,379.73,272.71
02-09-2020,379.93,274.45
03-09-2020,378.52,274.51
04-09-2020,375.66,269.84
07-09-2020,376.06,270.16
08-09-2020,375.31,269.14
09-09-2020,374.48,268.27
10-09-2020,378.68,272.14
11-09-2020,378.98,272.78
14-09-2020,378.64,272.23
15-09-2020,381.62,274.27
16-09-2020,382.97,276.14
17-09-2020,379.81,274.11
18-09-2020,380.51,273.97
21-09-2020,373.7,267.54
22-09-2020,369.67,265.13
23-09-2020,369.08,264.59
24-09-2020,360.54,257.07
25-09-2020,365.82,263.05
28-09-2020,369.2,267.5
29-09-2020,371.41,267.22
30-09-2020,371.72,267.97
01-10-2020,375.16,271.75
05-10-2020,377.04,273.62
06-10-2020,381.7,277.04
07-10-2020,381.9,278.53
08-10-2020,384.24,280.68
09-10-2020,387.59,282.22
12-10-2020,388.51,282.41
13-10-2020,388.47,282.33
14-10-2020,387.9,283.36
15-10-2020,382.61,276.74
16-10-2020,384.85,278.75
19-10-2020,387.51,281.33
20-10-2020,387.22,281.89
21-10-2020,388.56,282.65
22-10-2020,388.01,281.77
23-10-2020,388.49,282.58
26-10-2020,385.41,278.73
27-10-2020,387.51,281.77
28-10-2020,384.67,278.18
29-10-2020,382.54,277.13
30-10-2020,382.14,276.53
02-11-2020,382.46,277.21
03-11-2020,386.48,280.4
04-11-2020,388.79,282.6
05-11-2020,393.53,287.56
06-11-2020,398.5,290.65
09-11-2020,403.66,295.27
10-11-2020,403.31,298.52
11-11-2020,406.27,301.4
12-11-2020,405.18,300.42
13-11-2020,406.54,301.37
17-11-2020,410.44,305.05
18-11-2020,410.71,306.51
19-11-2020,406.25,302.79
20-11-2020,407.82,305.09
23-11-2020,409.65,306.83
24-11-2020,410.39,309.7
25-11-2020,405.82,305.03
26-11-2020,408.32,308.04
27-11-2020,408.37,307.86
01-12-2020,410.04,311.28
02-12-2020,411.77,311.72
03-12-2020,412.72,312.57
04-12-2020,415.19,315.3
07-12-2020,416.65,317.69
08-12-2020,419.35,318.44
09-12-2020,422.31,321.26
10-12-2020,419.69,320.38
11-12-2020,420.08,321.22
14-12-2020,420.55,322.29
15-12-2020,421.83,322.39
16-12-2020,425.75,324.99
17-12-2020,428.21,326.04
18-12-2020,429.23,326.51
21-12-2020,420.64,316.12
22-12-2020,422.34,319.56
23-12-2020,424.86,323.05
24-12-2020,428.28,326.26
28-12-2020,431.31,329.2
29-12-2020,433.03,330.39
30-12-2020,433.86,331.59
31-12-2020,433.86,331.64
01-01-2021,435.06,332.75
04-01-2021,439.49,335.79
05-01-2021,442.03,337.89
06-01-2021,442.43,336.7
07-01-2021,440.16,336.7
08-01-2021,441.86,341.61
11-01-2021,442.53,344.62
12-01-2021,445.05,346.11
13-01-2021,445.14,345.87
14-01-2021,444.36,346.72
15-01-2021,441.98,342.66
18-01-2021,437.37,338.69
19-01-2021,444,344.39
20-01-2021,449.41,347.19
21-01-2021,446.44,345.67
22-01-2021,441.61,340.8
25-01-2021,437.91,337.71
27-01-2021,431.15,331.53
28-01-2021,428.06,328.27
29-01-2021,424.54,323.47
01-02-2021,436.69,338.02
02-02-2021,442.74,346.47
03-02-2021,445.23,349.61
04-02-2021,446.26,352.51
05-02-2021,446.4,352.78
08-02-2021,450.88,357.23
09-02-2021,452.98,357.08
10-02-2021,453.18,357.2
11-02-2021,454.4,358.92
12-02-2021,452.96,358.83
15-02-2021,456.52,362.44
16-02-2021,456.2,362.6
17-02-2021,451.79,360.54
18-02-2021,450.22,358.92
19-02-2021,446.12,355.46
22-02-2021,440.5,348.4
23-02-2021,442.05,349.38
24-02-2021,446.89,355.28
25-02-2021,449.76,357.96
26-02-2021,437.87,345.22
01-03-2021,440.8,350.45
02-03-2021,442.67,354.49
03-03-2021,449.05,361.98
04-03-2021,444.23,358.66
05-03-2021,440.32,355.03
08-03-2021,441.18,355.32
09-03-2021,444.54,357.89
10-03-2021,446.25,359.75
12-03-2021,442.18,356.34
15-03-2021,442.09,354.01
16-03-2021,441.66,353.83
17-03-2021,438.09,349.02
18-03-2021,434.6,345.1
19-03-2021,438.34,349.45
22-03-2021,436.11,349.74
23-03-2021,438.4,351.92
24-03-2021,433.67,345.75
25-03-2021,429.16,340.11
26-03-2021,431.61,344.42
30-03-2021,436.93,351.54
31-03-2021,433.74,348.51
01-04-2021,439.89,352.88
05-04-2021,437.31,347.77
06-04-2021,438.68,349.19
07-04-2021,443.56,352.43
08-04-2021,444.24,353.9
09-04-2021,444.64,353.14
12-04-2021,435.7,340.1
13-04-2021,438.51,344.56
15-04-2021,440.06,346.44
16-04-2021,441.38,347.71
19-04-2021,439.26,341.58
20-04-2021,436.25,340.5
22-04-2021,439.44,342.79
23-04-2021,438.78,341.53
26-04-2021,440.33,344.71
27-04-2021,443.02,348.52
28-04-2021,445.52,353.15
29-04-2021,446.18,353.75
30-04-2021,441.68,348.12
03-05-2021,441.96,348.6
04-05-2021,439.42,345.6
05-05-2021,441.11,348.88
06-05-2021,443.51,351.36
07-05-2021,446.85,353.55
10-05-2021,449.84,356.5
11-05-2021,448.19,354.73
12-05-2021,445.74,351.63
14-05-2021,445.66,350.53
17-05-2021,450.78,356.2
18-05-2021,455.24,360.69
19-05-2021,453.37,359.46
20-05-2021,452.03,356.92
21-05-2021,456.92,362.66
24-05-2021,457.66,363.52
25-05-2021,457.58,363.53
26-05-2021,461.15,365.34
27-05-2021,461.57,366.33
28-05-2021,462.73,368.35
31-05-2021,467.41,371.84
01-06-2021,468.4,371.62
02-06-2021,468.31,372.63
03-06-2021,469.81,375.47
04-06-2021,468.44,375.31
07-06-2021,469.91,377.02
08-06-2021,470.24,376.99
09-06-2021,468.65,374.34
10-06-2021,470.09,377.09
11-06-2021,472.46,378.45
14-06-2021,470.85,378.46
15-06-2021,472.29,379.8
16-06-2021,471.31,377.18
17-06-2021,467.05,375.08
18-06-2021,465.49,374.59
21-06-2021,466.23,376.38
22-06-2021,466.81,377.22
23-06-2021,465.64,375.01
24-06-2021,467.23,376.85
25-06-2021,468.8,378.63
28-06-2021,467.29,377.88
29-06-2021,465.98,376.4
30-06-2021,464.88,375.63
01-07-2021,465.8,374.89
02-07-2021,467.43,375.57
05-07-2021,469.13,378.16
06-07-2021,470.6,377.87
07-07-2021,471.54,379.34
08-07-2021,469.69,376.16
09-07-2021,468.37,375.46
12-07-2021,468.04,375.54
13-07-2021,470.29,377.89
14-07-2021,471.53,378.73
15-07-2021,474.01,380.35
16-07-2021,473.81,380.63
19-07-2021,469.86,376.74
20-07-2021,467.72,373.9
22-07-2021,469.91,378.8
23-07-2021,470.52,379.38
26-07-2021,470.1,378.8
27-07-2021,468.77,376.84
28-07-2021,468.18,376.2
29-07-2021,470.41,377.65
30-07-2021,470.73,377.53
02-08-2021,471.93,380.51
03-08-2021,476.15,385.99
04-08-2021,479.02,388.22
05-08-2021,480.01,388.83
06-08-2021,478.59,387.8
09-08-2021,476.46,387.96
10-08-2021,476.41,388.2
11-08-2021,476.04,388.12
12-08-2021,478.61,389.98
13-08-2021,481.83,393.44
16-08-2021,484.06,394.19
17-08-2021,486.02,395.53
18-08-2021,485.22,394.91
20-08-2021,482.23,391.7
23-08-2021,483.88,392.43
24-08-2021,487.08,395.6
25-08-2021,486.62,396.12
26-08-2021,485.9,396.39
27-08-2021,487.5,398.49
30-08-2021,492.51,403.98
31-08-2021,495.72,408.9
01-09-2021,495.26,408.2
02-09-2021,498.75,411.99
03-09-2021,500.59,414.18
06-09-2021,502.81,415.2
07-09-2021,501.57,414.68
08-09-2021,500.9,414.86
09-09-2021,501.13,415.48
13-09-2021,500.29,415.38
14-09-2021,501.16,416.09
15-09-2021,504.78,419.17
16-09-2021,505.62,421.89
17-09-2021,503.76,420.47
20-09-2021,499.87,415.51
21-09-2021,503.55,419.37
22-09-2021,504.87,419.36
23-09-2021,509.01,425.67
24-09-2021,508.67,425.78
27-09-2021,508.85,425.67
28-09-2021,506,423.02
29-09-2021,505.71,421.91
30-09-2021,502.68,420.01
01-10-2021,502.63,418.44
04-10-2021,506.23,422.64
05-10-2021,508.87,425.6
06-10-2021,505.32,421.44
07-10-2021,508.81,425.02
08-10-2021,510.25,426.99
11-10-2021,511.78,428.34
12-10-2021,513.36,429.75
13-10-2021,517.3,433.85
14-10-2021,522.34,438.02
